[https://naturesrealhealth.blogspot.com/2020/04/facing-covid-19-more-successfully.html],1
[https://twitter.com/BlueBoxDave/status/1627429561758625792],1
[https://news.google.com/rss/articles/CBMiaWh0dHBzOi8vd3d3LndlYm1kLmNvbS92YWNjaW5lcy9jb3ZpZC0xOS12YWNjaW5lL25ld3MvMjAyMzAyMTUvdmFjY2luYXRpb24tY291bGQtcmVkdWNlLXJpc2stb2YtbG9uZy1jb3ZpZNIBAA?oc=5],1
[https://wp.me/pejwV3-q1],1
[https://bit.ly/41bDcRw],1
[https://twitter.com/Gregbsmithnyc/status/1626607784295890953],1
[https://covid.yanoagenda.com/countries/ID],1
[https://hubs.la/Q01BGClj0],1
[https://makismd.substack.com/p/news-132-canadian-doctors-have-died],1
[https://twitter.com/SueMassa256/status/1627515069872365573],1
[https://twitter.com/RaphaMichael/status/1620410049398206465],1
[https://twitter.com/Storiesofinjury/status/1627454859636051969],2
[http://dlvr.it/SjhrfF],1
[https://actu.orange.fr/france/covid-la-has-envisage-de-lever-la-vaccination-obligatoire-chez-les-soignants-CNT000001ZpR03.html],3
[https://twitter.com/DrDan20000/status/1627156382138126336],1
[https://palexander.substack.com/p/dr-naomi-wolf-and-steve-bannon-autopsies],1
[https://rb.gy/xnuapo],1
[https://twitter.com/DiamondandSilk/status/1300432905613664257],1
[https://twitter.com/aqilahbaik/status/1627314883070140416],1
[https://www.theepochtimes.com/health/why-experts-are-concerned-about-the-new-medical-codes-for-covid-19-vaccination-status_5053996.html?utm_campaign=socialshare_twitter&utm_source=twitter.com],1
[http://bit.ly/3EnZXYK],1
[https://eviden.cc/3ZxAOnI],1
[https://aredacao.com.br/noticias/182688/testagem-ampliada-de-covid-ocorre-em-seis-pontos-de-goiania-ate-quarta-22],1
[https://mastodon.cloud/@covid_stats/109897216180311475],1
[https://focoinformativo.com/venezuela-cuenta-con-454-casos-activos-de-covid-19/],1
[https://www.youtube.com/watch?v=mLHzMHLhBPI],1
[https://bit.ly/3Id2Hta],1
[https://twitter.com/angelsfreaksue/status/1627335845857398784],1
[https://comedonchisciotte.org/vaccini-covid-13-milioni-di-morti-a-livello-mondiale/],2
[https://twitter.com/i/web/status/1627655638720430086],1
[http://bit.ly/3VD0pZU],1
[http://Palermomania.it],1
[https://cafeweltschmerz.nl/cardioloog-vraagt-waarom-wordt-covid-prik-niet-teruggeroepen-na-bijwerkingrisico-van-1-op-800],1
[https://www.fiercepharma.com/marketing/pfizer-launches-new-branded-paxlovid-ad-covid-it-continues-wait-fda-approval],1
[http://dx.doi.org/10.1101/2023.02.13.23285842],1
[http://ow.ly/q5PZ50MW011],1
[https://tinyurl.com/2mx2wouk],1
[https://twitter.com/qwertyeusk/status/1627613054669029376],1
[https://medicospelavidacovid19.com.br/noticias/reino-unido-interrompe-vacinacao-em-massa-da-covid-19/],1
[http://wvpath.wv.gov],1
[https://twitter.com/kjoules/status/1627285303554887680],1
[https://twitter.com/lcircum/status/1625221163029757953],1
[https://twitter.com/nayibbukele/status/1625636899401396224],1
[https://twitter.com/glennwa12/status/1627668914854367234],1
[https://hubs.la/Q01CSwp-0],1
[https://www.ukactive.com/news/major-study-on-physical-activity-support-for-long-covid-patients-launched-by-ukactive-sport-england-and-sheffield-hallam-university/],2
[http://dozz.es/nr5kq4],1
[https://www.meti.go.jp/covid-19/kabunushi_sokai_qa.html],1
[https://yle.fi/a/3-5873777],1
[https://t.me/LauraAbolichannel/33151],1
[http://www.therevivehospital.com/latest-update/-cardiologist-healt/53?utm_source=twitter],1
[https://ici.radio-canada.ca/nouvelle/1924324/desinformation-vaccins-covid-19-transfusion-sang-alberta-canada],1
[https://www.kxan.com/news/coronavirus/do-face-masks-work-here-are-49-scientific-studies-that-explain-why-they-do/amp/],1
[https://en.wikipedia.org/wiki/Sylmar_earthquake],1
[https://www.channelnewsasia.com/singapore/big-read-covid-19-pandemic-frontliners-vaccines-foreign-workers-3288056],1
[https://www.theepochtimes.com/idaho-lawmakers-seeking-to-criminalize-injecting-of-mrna-covid-19-vaccines_5069840.html],4
[http://folhabv.com.br],1
[https://tinyurl.com/2kaphlfm],1
[https://www.lavieensante.com/2023-02-06-rappels-covid-declenchent-des-metastases/],5
[https://pubmed.ncbi.nlm.nih.gov/33088593/],5
[https://mastodon.cloud/@covid_stats/109897265217157926],1
[https://fb.watch/iPfkxC7pHe/],1
[https://www.clarin.com/sociedad/covid-vacuna-estudio-publicado-the-lancet-dice-protege_0_lMAm1fQPFB.html],2
[https://albacetecapital.com/la-uclm-participa-en-un-estudio-que-describe-la-evolucion-de-los-anticuerpos-frente-al-virus-covid-19-tras-la-vacunacion/],1
[https://twitter.com/drclairetaylor/status/1627668069702070272],1
[https://www.theepochtimes.com/us-says-government-not-moderna-should-face-covid-19-vaccine-lawsuit_5063469.html?utm_source=ref_share&utm_campaign=tw&rs=SHRNCMMW&via=epochtimes],1
[https://www.instagram.com/p/Co1F4uosG_Q/?igshid=MDJmNzVkMjY=],1
[https://www.siliconrepublic.com/innovation/ul-university-limerick-award-covid-19-statistical-model],1
[https://www.naturalnews.com/2023-02-09-cdc-data-covid-vaccines-24-years-aging.html],1
[https://www.nature.com/articles/s41579-022-00846-2],9
[https://www.tandfonline.com/doi/full/10.1080/21645515.2023.2179789#.Y_N5FAjLx-s.twitter],1
[https://www.infobierzo.com/un-brote-de-covid-en.../758512/],1
[https://www.eldigitaldealbacete.com/2023/02/20/investigan-en-albacete-que-pasa-con-los-anticuerpos-neutralizantes-frente-al-covid-19-tras-solo-vacunarse-o-tras-contagiarse-y-vacunarse/],1
[https://twitter.com/ELHopkins/status/1627633320518451201],1
[https://www.marketwatch.com/press-release/marine-tourism-market-share-size-industry-growth-covid-19-impact-analysis-and-forecast-2030-2023-02-16],1
[https://twitter.com/jebrafaushay/status/1627331702665187331],1
[https://i.mtr.cool/hilczxzfvj],1
[https://www.miamidade.gov/global/initiatives/coronavirus/vaccine/vaccine-locator.page],2
[https://www.beckerspayer.com/policy-updates/the-20-medicare-cut-coming-for-hospitals.html],1
[https://twitter.com/brian_colonel/status/1627647031559835648],1
[https://vih.org/20230217/confinement-et-surmortalite-chez-les-immigres-la-pandemie-syndemique/],1
[https://www.elnuevoherald.com/noticias/florida/sur-de-la-florida/article272549234.html?utm_campaign=trueanthem&utm_medium=social&utm_source=twitter],1
[https://uncutnews.ch/pfizer-raeumt-ein-die-entwicklung-des-covid-19-virus-gesteuert-zu-haben/],1
[https://api.follow.it/trackstatistics/v2/5kkNe-HkrQwlAwZN85wtJRZMpgbAMZNaPsjt8Q4Rc7kUaZKPQzTkN3bGqD4j45FmOPoN9ZYT_UDUH4G0jDHajWTD3pJQvDVDhubDMHdEjww],1
[https://link.theepochtimes.com/mkt_app/idaho-lawmakers-seeking-to-criminalize-injecting-of-mrna-covid-19-vaccines_5069840.html],1
[https://bit.ly/417pL5h],1
[https://www.instagram.com/p/Co4pp8zu1Wr5vUIi7kZbeNBHlkYCdil2AtrVt40/?igshid=YTgzYjQ4ZTY=],1
[https://twitter.com/Rant_ifa/status/1329875655195041795?s=19],1
[http://obamaschannel.blogspot.com/2022/02/20-anos-no-es-nada.html?m=1],3
[https://buff.ly/3uyxF8F],1
[https://covid.yanoagenda.com/countries/all],1
[https://apnews.com/article/school-construction-covid-stimulus-money-29ffa0a888d3a62d7cd0e72a63c18c59],1
[https://naturesrealhealth.blogspot.com/2020/05/covid-19-evoo-for-additional-protection.html],1
[https://gettr.com/post/p28m0ahac63],8
[https://www.j6live.com.br/anvisa-analisa-uso-emergencial-de-nova-vacina-contra-covid-19/],1
[https://twitter.com/NaturallyFTW/status/1626986926661156864],2
[https://swachhindia.ndtv.com/team-madad-a-group-of-covid-volunteers-in-uttar-pradeshs-gorakhpur-emerge-as-saviours-59419/],1
[https://bit.ly/41cYb6P],1
[https://ma-clinique.fr/les-adultes-qui-ont-recu-des-vaccins-covid-19-ont-signale-des-reductions-a-court-terme-des-symptomes-depressifs-et-anxieux],1
[https://cnbcindonesia.com/news/20230220173314-4-415369/kisah-jokowi-di-awal-covid-banyak-negara-lockdown-ri-tidak?utm_source=twitter&utm_medium=oa&utm_content=cnbcindonesia&utm_campaign=cmssocmed],1
[https://report24.news/hoeheres-risiko-als-erwartet-auch-novavax-covid-impfung-verursacht-myokarditis/?feed_id=27601],4
[https://twitter.com/edkrassen/status/1627359818632536064],1
[https://www.welt.de/politik/deutschland/plus243829437/Post-Covid-Ambulanz-Diese-Menschen-erkennen-ihren-Koerper-nicht-wieder.html?wtrid=socialmedia.socialflow....socialflow_twitter],1
[https://www.dailymail.co.uk/sport/othersports/article-11769829/Blackhawks-captain-Jonathan-Toews-reveals-hes-battling-long-COVID-symptoms.html],1
[https://twitter.com/GiorgiaMeloni/status/1627611891274076166],1
[https://dit3.www.simplii.com/en/living-simplii/covid-summer-survey.html?fbclid=IwAR3KOX1aCGWyTKGy_iechDGn1oC1x5DMo8Pz6L5RjxZ6RtYbT435OgOyUxA],1
[http://ow.ly/VFoG50MWW47],1
[https://kelleyk.substack.com/p/unrealistic-long-covid-estimates],1
[https://www.businessinsider.com/fauci-why-covid-vaccines-work-better-than-natural-infection-alone-2021-5],1
[https://bit.ly/3xBSwtl],2
[https://twitter.com/bbcmundo/status/1627600824284196865],1
[https://www.heart.org/en/news/2020/09/03/what-covid-19-is-doing-to-the-heart-even-after-recovery],1
[https://www.instagram.com/p/Co4r79Ruiy6/?igshid=YTgzYjQ4ZTY=],1
[https://twitter.com/SmirnoffSA/status/1627661851973816321],1
[https://portaldeprefeitura.com.br/2023/02/20/marcelo-queiroga-diz-que-ex-presidente-bolsonaro-nao-se-vacinou-contra-covid-19-escondido/],1
[https://twitter.com/LeagueofIreland/status/1627283100433539072],1
[https://www.20minutos.es/salud/medicina/pacientes-covid-larga-dano-organico-5101993/],3
[https://rumble.com/vw3740-plandemic-1-documentary-covid-19.html],1
[https://www.theguardian.com/australia-news/2021/dec/23/unethical-doctors-condemn-nsw-government-for-considering-charging-unvaccinated-patients-for-covid-care],1
[https://www.impact.upenn.edu/givingguide],1
[https://twitter.com/leonardo1opes/status/1626993735274835968],1
[https://seneweb.com/news/Education/tenues-scolaires-revoila-les-uniformes-a_n_402059.html],1
[http://pionerprodukt.by/pionerprodukt-news/rossiyane-v-avguste-stali-pokupat-bolshe-lekarstv-protiv-covid.html],1
[http://ow.ly/Nax350ML8BO],1
[https://www.wral.com/covid-outbreak-cancels-more-than-20-bus-routes-for-chapel-hill-carrboro-city-schools/20727192/],3
[https://katadata.co.id/ariayudhistira/infografik/613eb0223aa29/isu-manusia-jadi-zombie-karena-vaksinasi-covid-19],1
[https://dinkes.papuabaratprov.go.id/artikel/situasi-terkini-perkembangan-covid19-di-papua-barat-tanggal-20-februari-2023],1
[https://www.covidvaccineresearch.org/news/23-people-organ-transplants-have-no-detectable-antibodies-against-covid-19-after-three-or-more],1
[http://corona.nrw/statistiken],1
[https://twitter.com/derechoaltiempo/status/1627434240513114112],1
[https://nicepresse.com/tribunal-de-nice-deux-pharmaciens-et-un-medecin-avaient-falsifie-500-tests-covid/?utm_campaign=post-auto&utm_medium=twitter&utm_source=default],1
[http://obamaschannel.blogspot.com/2020/09/el-cole-en-tiempos-de-covid.html?m=1],5
[https://onlinelibrary.wiley.com/doi/10.1002/ccr3.6930?utm_source=substack&utm_medium=email],1
[http://dlvr.it/SjhxN8],1
[https://www.beckershospitalreview.com/finance/financial-fallout-from-covid-19-38-hospitals-laying-off-workers.html],1
[https://data.worldobesity.org/rankings/?age=a&sex=m],1
[https://twitter.com/jhmdrei/status/1627461781735219200],1
[https://www.mdpi.com/2143410],1
[https://twitter.com/ANTlWEF/status/1627060887990468610],1
[https://uncutnews.ch/neue-memos-entlarven-geheime-abmachung-zwischen-den-usa-und-grossbritannien-zur-verschleierung-von-covid-impfstoff-nebenwirkungen/],2
[https://twitter.com/i/web/status/1627656687497760769],1
[https://www.google.com/amp/s/www.forbes.com/sites/brucelee/2023/02/18/new-idaho-bill-would-criminalize-anyone-administering-covid-19-mrna-vaccines/amp/],1
[https://www.sportsnet.ca/nhl/article/blackhawks-toews-says-hes-still-dealing-with-symptoms-of-long-covid/],3
[https://tinyurl.com/2gbazf8k],1
[https://apnews.com/article/russia-ukraine-covid-health-biological-weapons-china-39eeee023efdf7ea59c4a20b7e018169],1
[https://twitter.com/songpinganq/status/1624771350614409216?s=19],1
[https://www.13newsnow.com/article/news/nation-world/poor-schools-covid-money-infrastructure/507-8d0dd267-c4df-49db-a26a-e6b8d779fcdc?utm_campaign=snd-autopilot],1
[https://www.boston.com/news/coronavirus/2022/05/31/irrefutable-figures-show-covid-19-killed-more-kids-than-the-flu-boston-doctor-says/],1
[http://obamaschannel.blogspot.com/2021/09/el-verano-que-dejamos_17.html?m=1],1
[http://mon.listedito.net/r/mqehbig],1
[https://t.me/ritama63/76965],2
[https://www.francelive.fr/article/france-live/le-champion-olympique-de-patinage-se-fait-amputer-des-mains-et-des-pieds-a-une-semaine-d-intervalle-7875382/],1
[https://chapelboro.com/news/pre-k-12-education/bus-delays-expected-for-chccs-community-after-25-staffers-call-out-sick],1
[http://obamaschannel.blogspot.com/2021/12/en-emision-lineal.html?m=1],2
[https://news.beeken.io/news-preview?utm_content=newsfeed-Healthcare-FLGT&content=U2FsdGVkX1%2BW%2B872GiL78rq5QS2r3wOKC%2FPPn7F7bI8TU3GTzIWQbqUcKN1z3wzaYwXDcnpX7b9NY1GWSeZuk4JXg2y5BsFB9JBAq8uiHLhX0JOl3rJTIQj1YMwJPD1liS0FJYEPnK1C4uHtDY4R7BDAv7tcxeCmP2zXNM%2BuJTlz0H99M1d%2FYkySA%2FdU8HjArR5FTyKSnopRQTA3DctO6y06Wxw9RUQx388PxyK6RJoSAxZlCw2odLdoBqTOtW7rloYuhwjCctpZ%2FWS%2BACCLyUzVmhrfD3EsbMK%2FkdUkEI2Krekd729Xj4Q4nCNZRi27SNZb0sSMY4n42iKYRahakphe8CHKnCEQ5c%2FF%2B%2F2QUdIIHyaEaX6teY70vbVSaVOqa5DV59w6CerGmQRmoYKZI%2BV9jvTZS8H41dkDDpqtyqxfuLFDL3nYNdhhGa6gA7gYtlYRowdcs9meAJ1R%2BjxNPDFOPhFUHX%2Br93%2BjUEvm9tuDlfrcNF8LgMMUpO5J5iIhw7PERX6ZCdMi5CycouGs3I2SlNSsrAh0sgCCRxaH0JpabThyqKcOeDGxdJ5oBE9eHB3oiBYvqA6fB%2BruBoDGKZpcQqpgNCRgXt4aEBsEBZveOKXhmVYITv547Qt3tD%2FwDZf%2BnVa5Vas1AigJRxbSZ5iIC4XpNZCyydUgLAbIKytw44VAjLAcjTg%2F4BZJYpNted3JXtMKfihLjJX3WOV%2BCHMM8NL%2B4Vado5Xr4rs2nds1TezqYxeJRyxStgPbGr1MAkIG3fE9BiDS4H84ifQeMw4fuV3Shh36e2kKyDfcKMMx4rfUhUaYhZeupmOdTOOKqbMJVHia1c6dEKJS6aLBzXW8tdh5oDYaPZ2zwjYzb367fj6haZt7p8y%2BFFHnmhKfBYFYDvuZ3MMSvMyhCOt4yvxkXFi5e6wcvePH%2BMhWiSw%3D&utm_source=dlvr.it&utm_medium=twitter],1
[https://twitter.com/rotelli_md/status/1627296645204307972],1
[https://covid.yanoagenda.com/countries/TW],1
[https://www.wsj.com/articles/long-covid-is-a-disability-heres-how-to-ask-for-workplace-accommodations-9b63fd90?mod=business_lead_pos10],1
[https://www.infosperber.ch/politik/lobbys/wie-die-pharma-die-freigabe-des-covid-impfstoffes-verhinderte/],1
[https://www.propublica.org/article/how-covid-19-hollowed-out-a-generation-of-young-black-men/amp#referrer=https://www.google.com&csi=0],1
[https://weltwoche.ch/daily/wie-sicher-ist-die-covid-19-impfung-bei-den-zulassungstests-kam-es-zu-schweren-zwischenfaellen-hersteller-pfizer-liess-sie-aber-einfach-aus-den-studien-verschwinden/],1
[https://www.businessinsider.com/kushner-covid-19-plan-maybe-axed-for-political-reasons-report-2020-7],1
[https://thecareruk.com/nice-to-review-covid-19-treatment-evusheld-and-announces-update-for-covid-19-medicines/],1
[https://covid19.govt.nz/news-and-data/covid-19-data-and-statistics/#vaccinations-uptake-in-NZ],1
[https://rumble.com/v29ud9g-the-biggest-hoax-perpetrated-on-mankind-ever.html],1
[https://kilsone.online/2023/02/17/how-the-kelownab-c-wastewater-treatment-plant-helps-tests-sewage-for-covid/?utm_source=twitter&utm_medium=social&utm_campaign=ReviveOldPost],1
[https://twitter.com/i/web/status/1627638610622091265],1
[https://www.leiaja.com/noticias/2023/02/20/fiquei-doente-no-carnaval-sera-que-e-gripe-ou-covid/],1
[https://covid-19.geohive.ie/search],1
[https://bit.ly/3Z3KR2x],1
[https://www.bbc.com/news/world-africa-55674139],1
[https://palexander.substack.com/p/japanese-evidence-of-immune-system],5
[http://ow.ly/3xTH50MX0ok],1
[http://InteliSwab.com],1
[https://twitter.com/realstewpeters/status/1627655638720430086],1
[https://www.diaridesabadell.com/2023/02/20/racisme-pandemia-xinos-impacte-estudi-uab-covid/],1
[https://report24.news/studie-geimpften-blut-ist-mit-mrna-kontaminiert/],3
[https://www.theguardian.com/commentisfree/2023/feb/20/long-covid-treatment-symptoms-research-uk?CMP=Share_iOSApp_Other],6
[https://www.youtube.com/watch?v=i9cmYNRgXXg],1
[https://omaha.com/news/state-and-regional/govt-and-politics/thousands-of-nebraskans-could-lose-medicaid-as-covid-era-protections-end/article_2802bc78-aee4-11ed-ae09-8f981f07d3bd.html?utm_medium=social&utm_source=twitter_OWHnews],1
[https://doi.org/10.1073/pnas.2014564118],2
[http://bit.ly/3kbPuJ7],1
[https://twitter.com/meroutro/status/1627684712754954240],2
[https://livemint.com/news/india/indias-domestic-air-travel-sees-recovery-reaches-pre-covid-levels-11676858333955.html],1
[https://www.elmundo.es/deportes/futbol/champions-league/2023/02/19/63f278f0fc6c835b6d8b4592.html],1
[https://buff.ly/3Sg5fvq],1
[https://lawhealthandtech.substack.com/p/how-the-manipulation-in-most-covid],13
[https://twitter.com/Handersoul/status/1627636050523815936],1
[https://ift.tt/gUp9nFW],2
[http://dlvr.it/Sjhmmj],1
[https://www.ahealthblog.com/regular-exercise-can-help-to-reduce-risk-of-severe-covid-19-infection.html?utm_source=twitter.com&utm_medium=referral],1
[https://www.boursorama.com/actualites/covid-la-has-envisage-de-lever-la-vaccination-obligatoire-chez-les-soignants-a3b1a2277ad679a594d5d693786e66c2?at_medium=social&at_campaign=fil_twitter],1
[https://trib.al/VaAFUpL],1
[http://www.nshealth.ca/coronavirus/covid-19-rapid-testing],1
[https://doi.org/10.1111/area.12821],1
"[https://www.mayoclinic.org/coronavirus-covid-19/history-disease-outbreaks-vaccine-timeline/covid-19#:~:text=Millions%20of%20COVID%2D19%20vaccines,vaccines%20that%20prevent%20COVID%2D19]",2
[https://bit.ly/3ZulOH8],2
[https://laopinion.com/2023/02/20/los-manifestantes-anti-covid-en-china-que-han-desaparecido/?utm_term=Autofeed&utm_medium=Social&utm_source=Twitter#Echobox=1676903256],1
[https://www.socialsciencespace.com/2023/02/face-masks-and-covid-a-failed-technology/],1
[https://twitter.com/eric_seufert/status/1627005441698930688],1
[https://buff.ly/3k8RYIe],1
[https://www.tv2000.it/tg2000/?p=137390],3
[https://twitter.com/fpanunzi/status/1627642733098635264],1
[https://blackland.tamu.edu/news/2023/international-swat-conferences-and-training/],1
[https://twitter.com/HoeHoeKus/status/1591626462591057920/video/1],1
[https://www.ambasmanos.mx/puebla/secretaria-de-salud-proyecta-septima-ola-de-covid-en-puebla-entre-mayo-y-julio/56934/],1
[https://cdn.com.do/?p=1670231],1
[https://thehiphopunderground.com/trinidad-and-tobagos-carnival-finally-makes-its-full-covid-era-return/],1
[https://www.mdpi.com/1422-0067/23/24/15480],1
[https://www.informazione.it/a/F7BD9D4B-1E5F-4B53-A139-D8368685A2D4/Covid-i-dati-Gimbe-impennata-del-numero-dei-morti-eppure-i-contagi-sono-in-costante-calo],1
[https://www.chrismrealty.com/MarketNews/2023/02/19/the-rules-home-buyers-should-break],1
[https://www.instagram.com/p/Co4v0ngrZWc/?igshid=YTgzYjQ4ZTY=],1
[https://bit.ly/3lNHFdb],6
[https://trib.al/zPKD6Cu],1
[https://abcnews.go.com/Health/felt-powerless-black-americans-suffering-long-covid-trouble/story?id=96828153],1
[https://twitter.com/93NAMGl/status/1626998663120670721],1
[https://twitter.com/JessicaNonGrata/status/1627644196809998338],1
[https://www.informazione.it/a/19035EB8-48C7-4E95-8812-CE5C855278F0/Covid-19-oggi-la-giornata-nazionale-del-personale-sanitario-tre-anni-fa-il-paziente-uno],1
[https://twitter.com/EurekaNews10/status/1627630746859872258],1
[https://neoskeptics.blogspot.com/p/covid-19.html],1
[https://www.e-tlaxcala.mx/nota/2023-02-20/salud/registra-sector-salud-36-casos-positivos-y-cero-defunciones-de-covid-19-en],1
[https://changingtimes.media/2021/02/08/covid-19-as-millions-are-vaccinated-adverse-effects-and-virus-variants-cause-concern/],1
[https://open.spotify.com/album/5W1XY5ucNATjTULERvXx9j?si=FKj386XRRz26UAc77XaemA],1
[https://bit.ly/40XX5M5],1
[https://www.iqvia.com/-/media/iqvia/pdfs/institute-reports/global-trends-in-r-and-d-2023/iqvia-institute-global-trends-in-rd-2023-forweb.pdf],1
[https://twitter.com/_aussie17/status/1627511388028702720],3
[https://twitter.com/tigertuffmark/status/1627481879107768321],1
[https://twitter.com/GuvenliSokaklar/status/1626851018305638402],1
[http://dlvr.it/SjjDCc],1
[https://twitter.com/oldlife/status/1622559144191356929],1
[https://www.hinzuu.com/2023/02/20/ende-der-covid-19-impfstoffe/],1
[https://www.zerohedge.com/covid-19/florida-surgeon-general-warns-life-threatening-vaers-reports-4400-percent-covid-19-vaccine],2
[https://www.facebook.com/photo?fbid=212823761312998&set=a.176950694900305],1
[https://www.tagesspiegel.de/gesellschaft/moglicher-herzschaden-nach-covid-impfung-frau-verklagt-konzern-biontech-auf-schadensersatz-9376286.html],6
[https://gettr.com/post/p28jlw7a79b],8
[https://realnewscast.com/surgeon-general-warns-of-substantial-increase-in-adverse-events-following-mrna-covid-vaccination-in-florida/13765/],1
[https://aftonbladet.se/nyheter/a/4qeKzq/predikade-om-coronaviruset--nu-ar-han-dod],1
[http://bit.ly/3ysCymn],1
[https://twitter.com/yahaya_iv/status/1627568158893608960],1
[https://www.cureus.com/articles/93826-correlation-between-mask-compliance-and-covid-19-outcomes-in-europe#!/],1
[https://twitter.com/galt_dead/status/1627675806930554880],1
[https://twitter.com/fucklongcovid/status/1627419578753069056],1
[https://twitter.com/unusual_whales/status/1627397861066276866],1
[https://www.covidbesmettingen.nl/ic-bedden/],1
[https://trib.al/6iuU9nY],1
[https://rumble.com/v29vlue-pascal-najadi-worlds-first-criminal-case-lodged-in-switzerland-for-covid-an.html],1
[https://slaynews.com/news/florida-doctors-warn-patients-covid-shots-cause-heart-attacks/],12
[https://lnkd.in/g2zYEu7N],1
[https://twitter.com/JLimHospMD/status/1627358383690100736],1
[https://www.rmfins.com/sr-gpcIUw?src=twitter],1
[https://twitter.com/dr_steph_gayet/status/1627564112568848388],1
[https://www.standardmedia.co.ke/farmkenya/smart-harvest/article/2001467517/how-covid-birthed-organic-foods-enterprise],2
[https://covid19criticalcare.com/lets-not-get-fooled-again/],11
[https://onlinelibrary.wiley.com/doi/full/10.1002/ccr3.6883],1
[https://www.nytimes.com/2023/02/19/us/covid-prison-deaths.html?unlocked_article_code=BrOFuozqHn8aBXBsNDiaNIvg2LbFeZshzksrJOhlep0n0ae0Tmle94R7ehyg145BjaMX3fwdArwFtGgOTNPqZTlCJs0y1sW_2rZRVDrsKR9EoYi-EC9II_gqWqQ7tF2QZ9iWrDb81Wxi-SCwidpr4ApljY7shNaoycoRrQPHjiapJNcq26n8-He9pSyXCF0XjUw4db3YP7MegQmctv1XI3M8Azew9x0bYkQ8Woy3X3IIuzSozL6oSXnpO8eBZbQM-WKFkysYrDczBMSxFabFlackot_xEbZLoLQlBrqZy3q2LrCLtqT1WBqn5i3qdOOMCeCFRFOM-S_M&smid=url-share],3
[https://www.gospanews.net/2023/02/20/vaccino-pfizer-302-cavie-umane-sparite-dai-trials-clinici-21-decessi-sospetti-danneggiato-da-pericardite-archiviato-come-malato-covid/],1
[https://www.instagram.com/p/Co4v1q4LBkN/?igshid=YTgzYjQ4ZTY=],1
[https://www.cbc.ca/news/health/covid-treatment-pegylated-interferon-lambda-1.6742775],4
[https://news.yahoo.com/military-pilots-reported-1-700-215543321.html],1
[https://www.respectfulinsolence.com/2023/02/13/covid-19-is-now-a-leading-killer-of-children/],1
[https://twitter.com/MarceloCRedeTV/status/1627354446366707725],1
[https://yonkerstimes.com/covid-19-vaccination-linked-to-fewer-cardiac-events-first-u-s-study-to-show-lower-risk-in-patients-following-sars-cov-2-infection/],1
[https://theithacan.org/life-culture/new-initiatives-put-accessibility-on-the-big-screen/],1
[https://www.nytimes.com/2023/02/19/us/covid-prison-deaths.html?unlocked_article_code=pErY1tQda7nTShk075kB5pgXKBGN22MyKP-IlQhFekKrUyYZvYossMYuhFU_9OouE4ZKC4h-_S1HlnBoU1FZWQNSuqGWivHvv_tj_zOrCN6hGyYu3qCTWUhrv8YdapBLTnmNSIatUvLR8UHLume1TkAPKZzhKZgvtVyGmt-9cqRBftj0RpMik6N05D-9sAcmxt5ZQfoydwFwwvBoJY9v00P1NcrY3w1n3Vc6QPm-tQ1YfVqg0uEZB7_uqD_kzVvUndLj3rfxMKiElsGvSqK_kRzbxzTEm0myRCUXyLmTsU3EfjrLeqPa2nkbJ6yBYGMdtt2sWavK2ebg&smid=nytcore-ios-share&referringSource=articleShare],1
[https://twitter.com/VIKTORARCE/status/1627669255180193794],1
[https://twitter.com/jlimhospmd/status/1627358383690100736],1
[https://www.foxnews.com/us/california-loses-500000-residents-2-years-americans-flee-high-costs-covid-restrictions?intcmp=tw_fnc],1
[https://twitter.com/MichaelPSenger/status/1627331021254590469],1
[https://app.adjust.com/9jz28x1],1
[https://www.myjournals.org/?nr=741037],1
[https://twitter.com/dr_cottrell/status/1627367258820341761],1
[https://www.theepochtimes.com/novavax-covid-19-vaccine-associated-with-heart-inflammation-study_5062933.html],9
[https://www.thelancet.com/journals/lancet/article/PIIS0140-6736(21)02183-8/fulltext],1
[https://vivere.me/dTBO-r],1
[https://www.usatrendyshirt.com/ryan-quarles-for-governor-yard-sign],1
[https://twitter.com/xavierjanaina/status/1627497695827959808],1
[https://twitter.com/hyongjipyeong/status/1544489494937710592],1
[https://ift.tt/ZX2k3nJ],1
[https://ift.tt/WZwgAoY],1
[https://www.nbcnebraskascottsbluff.com/2023/02/20/poor-schools-building-repairs-zap-covid-relief-money/?utm_campaign=snd-autopilot],1
[https://era.id/nasional/118757/kembali-bertambah-kasus-covid-19-varian-kraken-di-indonesia-kini-6-orang],1
[https://youtu.be/ahbWtVru4lw],3
[https://www.thepaperlink.com/:36527038],1
[https://www.agi.it/cronaca/news/2023-02-20/da-viareggio-a-putignano-il-carnevale-accende-la-penisola-20184974/],1
[https://twitter.com/Marc_Veld/status/1591075163461677056],1
[https://gettr.com/post/p28n48uf6db],4
[https://sciencewithdrdoug.com/2023/02/19/the-ole-switcharoozie-what-happens-with-repeated-jabs-of-the-covid-vaccine/],1
[https://japalpilpa.com/los-heroicos-medicos-disidentes-de-la-covid/],1
[https://wisdomkeeper.livedoor.blog/archives/52081898.html],2
[https://www.eldiario.es/1_97d31b?utm_campaign=botonera-share&utm_medium=social&utm_source=twitter],1
[http://before.Vote],1
[http://obamaschannel.blogspot.com/2022/09/fiestas-de-barasoain-2022.html?m=1],1
[https://www.dailymail.co.uk/news/article-9191873/German-media-savages-EU-vaccine-shambles-calls-advert-Brexit.html],1
[https://bhive.nectar.social/zzN4yr],1
[https://www.ladepeche.fr/2023/02/19/les-urbanistes-et-leur-ville-du-quart-dheure-nouvelles-cibles-du-complotisme-post-covid-11010076.php],1
[https://www.huffingtonpost.fr/france/article/covid-19-l-obligation-vaccinale-pour-les-soignants-bientot-supprimee_214322.html?utm_term=Autofeed&utm_medium=Social&utm_source=Twitter#Echobox=1676900290],4
[https://www.smh.com.au/national/improve-ventilation-and-make-antiviral-drug-widely-available-long-covid-inquiry-hears-20230217-p5claf.html],7
[https://www.foxnews.com/politics/pete-buttigieg-gets-f-grade-east-palestines-congressman-crisis-response-he-hasnt-shown-up],1
[http://obamaschannel.blogspot.com/2021/02/altsasu-critica.html?m=1],2
[https://trinidadexpress.com/opinion/editorials/go-ahead-like-yuhself/article_da4d1662-b0ba-11ed-8413-73d34081ae85.html],1
[http://dlvr.it/SjhvHT],1
[https://maduradas.com/apenas-13-casos-covid-19-reporto-regimen-maduro-este-domingo-19feb-datos/],1
[https://bit.ly/41d4mYz],2
[https://twitter.com/fascinatorfun/status/1627646418092425218],1
[https://twitter.com/revistaoeste/status/1627459015616651268],14
[https://twitter.com/martymakary/status/1627504543557726211],1
[https://mobile.twitter.com/olewin/status/1614656872795045889],1
[https://www.gavi.org/covax-facility],1
[https://www.kusi.com/cdc-director-75-of-covid-deaths-occurred-in-people-with-at-least-four-comorbidities/],1
[https://link.theepochtimes.com/mkt_app/novavax-covid-19-vaccine-associated-with-heart-inflammation-study_5062933.html],9
[https://theobjective.com/espana/2023-02-19/10-000-muertos-espana-vacuna-covid/],3
[https://www.bloomberg.com/news/articles/2023-02-18/ron-desantis-may-attract-gop-voters-wary-of-trump-s-covid-response],1
[https://twitter.com/tryangregory/status/1627369966763737091],1
[https://t.me/StoryOfBlackBond/18241],1
[https://noticiaalminuto.com/autoridades-de-salud-revelan-muerte-de-miles-de-estadounidenses-por-efectos-prolongados-del-covid/],2
[https://qnosalgadeaqui.blogspot.com/2021/10/nos-podemos-calamar.html],1
[https://twitter.com/Polityzen/status/1627374394421936129],1
[https://www.quinceminutos.mx/post/adios-al-cubrebocas-confirman-en-puebla-el-fin-de-sexta-ola-de-covid-19],2
[https://ift.tt/oGs2ihV],5
[https://www.theguardian.com/commentisfree/2023/feb/20/long-covid-treatment-symptoms-research-uk?CMP=fb_cif],1
[https://pubmed.ncbi.nlm.nih.gov/36787145/],1
[https://www.miragenews.com/europes-metros-shrink-amid-covid-pandemic-950928/],1
[https://ift.tt/IOucSmf],1
[https://www.nzherald.co.nz/nz/new-zealand-records-biggest-increase-in-registered-deaths-in-100-years/BQERSTKIANCKRNNA7IL42RD52U/?utm_campaign=nzh_tw&utm_medium=Social&utm_source=Twitter&utm_campaign=nzh_tw#Echobox=1676865226-1],1
[https://twitter.com/DeathPanel_/status/1626199717674721282],1
[https://crowdbunker.com/v/aEg5Dgaag7],1
[https://finance.yahoo.com/news/microsoft-ai-chatbot-threatens-expose-024521663.html],1
[https://colleenhuber.substack.com/p/eye-injuries-from-the-covid-vaccines?publication_id=380654&post_id=103958641&triggerShare=true&isFreemail=true],1
[https://www.nhl.com/blackhawks/news/release-statement-from-toews/c-341264200?tid=308261736],1
[https://www.inquirer.com/health/coronavirus/covid-vaccine-deaths-penn-state-20230214.html],1
[https://www.idahopress.com/news/local/idaho-lawmakers-introduce-legislation-to-criminalize-those-who-administer-covid-vaccines/article_1a5162dc-ae30-11ed-beae-570222db92af.html],1
[https://hdl.handle.net/10272/21637],1
[https://thehill.com/policy/healthcare/538400-lancet-report-faults-trump-for-avoidable-coronavirus-deaths/],1
[https://www.elsoldeparral.com.mx/local/parral/acumula-chihuahua-cerca-de-3-mil-casos-de-enfermedades-tipo-influenza-9645934.html],2
[https://www.enciendecuenca.com/2023/02/20/un-estudio-analiza-la-evolucion-de-los-anticuerpos-frente-al-covid-19/],1
[https://abcnews.go.com/Health/moderna-covid-vaccine-remain-free-consumers-uninsured/story?id=97226324],1
[https://www.herzstiftung.de/ihre-herzgesundheit/coronavirus/post-covid-herzschaden-therapie],1
[https://bit.ly/3FdNPuc],1
[https://www.ons.gov.uk/file?uri=/peoplepopulationandcommunity/birthsdeathsandmarriages/deaths/datasets/singleyearofageandaverageageofdeathofpeoplewhosedeathwasduetoorinvolvedcovid19/december2022/coviddeathsbyagedec2022.xlsx],1
[https://twitter.com/m_akifkoc/status/1627396878479380487],1
[https://thefinancialexpress.com.bd/national/bangladesh-logs-14-new-covid-cases-1676893379#:~:text=The%20death%20toll%20from%20the%20disease%20stayed%20unchanged%20at%2029%2C445%20over%20the%2024%2Dhour%20period%2C%20according%20to%20the%20latest%20government%20data%20released%20on%20Monday],1
[https://ift.tt/OCnd5yf],1
[https://www.cintalapanecos.com/registra-chiapas-13-casos-nuevos-de-covid-19-2/],1
[https://www.wikistrike.com/2023/02/les-medias-grand-public-continuent-de-diffuser-la-fausse-affaire-du-coeur-covid-pour-expliquer-le-nombre-excessif-de-deces.html?utm_source=_ob_email&utm_medium=_ob_notification&utm_campaign=_ob_pushmail],1
[https://twitter.com/juwanpls/status/1627392706430345216],1
[https://www.quotidianosanita.it/m/studi-e-analisi/articolo.php?articolo_id=111209],1
[https://twitter.com/guyverhofstadt/status/1627604345448546304],2
[https://www.sabah.com.tr/yasam/2-kez-covid-19u-atlatan-sma-hastasi-bebegiyle-depreme-yakalandi-6366301],1
[https://twitter.com/badvaccinetakes/status/1627663391786508289],1
[https://twitter.com/ClaireJen79/status/1609200504915087361?t=AIobcgma3bMR2WkmUHsNRg&s=19],4
[https://twitter.com/Johanne31785773/status/1598679737689206784?t=H3-RCnGIMMBepVT2w05-cA&s=19],1
[https://steigan.no/2023/02/tysk-presse-diskuterer-svindel-i-forbindelse-med-uttesting-av-pfizer-vaksiner-vil-det-komme-et-covid-oppgjor/],3
[https://www.wsj.com/articles/the-cdcs-long-covid-deception-depression-anxiety-vaccine-mandate-university-gwu-testing-mental-health-48bdd11b?st=rkscg3af829lq3h],1
[https://www.isnotit.com/2023/02/education-levels-impact-on-belief-in.html],2
[https://www.hopkinsmedicine.org/health/conditions-and-diseases/coronavirus/covid-natural-immunity-what-you-need-to-know],1
[https://www.schools.nyc.gov/school-life/health-and-wellness/covid-information/daily-covid-case-map],1
[https://radiouniversal.cl/informe-covid-2-muertes-201-casos-activos-y-77-nuevos-contagios-este-lunes-en-la-araucania/],1
[http://dlvr.it/Sjhxmg],1
[https://www.informazione.it/a/9F43581F-34BC-4DD3-A635-D2EF26CC5081/Covid-in-Campania-354-nuovi-positivi-e-due-morti],1
[https://nypost.com/2022/08/25/nate-silver-liberal-elites-pressured-pfizer-to-delay-covid-vaccine/],1
[http://obamaschannel.blogspot.com/2022/01/cabalgata-reyes-magos-2022-pamplona.html?m=1],1
[https://1drv.ms/u/s!Ajo_7Lj3h9DEg91m-mBzSyCTpcLrjg?e=xywi0H],1
[https://www.santepubliquefrance.fr/presse/2022/covid-19-troisieme-cause-de-deces-en-france-en-2020-quand-les-autres-grandes-causes-de-deces-baissent],1
[https://twitter.com/Camille_Dyalan/status/1434121577717645315?t=USSHPAKrGuJam6uvpXf6kQ&s=19],1
[https://www.mirror.co.uk/news/weird-news/inside-fire-torn-abandoned-victorian-29260500],1
[http://obamaschannel.blogspot.com/2022/01/y-ti-que-te-han-traido-los-reyes.html?m=1],1
[https://mainichi.jp/english/article/20230220/p2g/00m/0sc/034000c],2
[https://petition.parliament.uk/petitions/633389],1
[https://twitter.com/Stan4Science/status/1627458876948811776],1
[https://youtu.be/nZ-Bz4TaeG8],4
[https://scholar.google.com/citations?user=Qx4PyUQAAAAJ&hl=en],1
[https://buff.ly/3XLph1E],1
[https://bit.ly/HH_testsites],1
[https://twitter.com/afpfr/status/1626869131499778049],1
[http://bleiben.Man],1
[https://sec.co.uk/visitor-information/digital-tickets],1
[https://christoverall.com/article/concise/thou-shalt-be-vaccinated-when-love-thy-neighbor-does-not-fulfill-the-law/],2
[https://cadenaser.com/euskadi/2023/02/20/euskadi-registra-siete-fallecidos-en-la-ultima-semana-y-los-hospitalizados-bajan-a-64-con-6-pacientes-en-uci-radio-bilbao/],1
[https://ghanaguardian.com/samson-lardy-tackles-godfred-dame-over-advise-for-a-g-to-pull-down-covid-19-audit-report?utm_source=twitter&utm_medium=twitter_autopost&utm_campaign=twitter-post&utm_content=latest-posts],1
[https://www.liberation.fr/checknews/2020/06/03/les-previsions-de-ferguson-qui-ont-conduit-de-nombreux-pays-a-se-confiner-etaient-elles-fantaisistes_1790061/],1
[https://www.service-public.fr/particuliers/actualites/A16340],1
[https://wp.uthscsa.edu/echo/events/listening-to-long-covid-echo/],2
[https://mastodon.cloud/@covid_stats/109897358082991284],1
[https://maidonanews.jp/article/14843721],1
[https://apple.news/AQRa9LfoLTi6cEJNKju3tPg],1
[https://www.elle.com/life-love/opinions-features/a42817962/covid-19-pandemic-future-effects/],1
[https://twitter.com/SimJoeMoore/status/1627657513003892737],1
[https://de.rti.org.tw/news/view/id/2006461#.Y_ONK1vFPck.twitter],1
[https://twitter.com/JamesMelville/status/1627661531306504193],1
[https://www.pourquoidocteur.fr/Articles/Question-d-actu/36016-Cancer-sein-attention-mammographies-faussement-positives-vaccin-Covid/amp],1
[https://bit.ly/BMLPodcastWebT],1
[https://ir.novavax.com/2022-06-28-Novavax-COVID-19-Data-Presented-at-FDA-VRBPAC-Meeting-Demonstrates-Broad-Antibody-Responses-to-Both-Prototype-and-Omicron-Specific-Variants],1
[https://ift.tt/lwKvAqV],1
[http://teleuniversotv.com/salud-publica-reporta-9-contagios-por-covid-19/],1
[https://www.usatoday.com/story/news/nation/2023/02/15/mass-shootings-us-2023/11262414002/],1
[https://link.theepochtimes.com/mkt_app/health/why-experts-are-concerned-about-the-new-medical-codes-for-covid-19-vaccination-status_5053996.html?utm_source=andshare],1
[https://www.bmj.com/content/373/bmj.n1088],1
[https://www.today.com/video/new-data-appears-to-show-link-between-covid-and-heart-disease-162970181645?mibextid=Zxz2cZ],1
[https://www.kompas.tv/article/380407/covid-19-varian-kraken-di-indonesia-bertambah-4-kasus-total-6-terdeteksi],1
[https://floridahealthcovid19.gov/wp-content/uploads/2022/03/g2-jtr_QWBT4hJpqr.pdf?utm_medium=email&utm_source=govdelivery],1
[https://swki.me/NeuqyBIR],2
[https://okdiario.com/madrid/madrid-ayuso-recupera-pib-anterior-covid-mientras-espana-sanchez-sigue-debajo-10477303?utm_term=Autofeed&utm_medium=social&utm_source=Twitter#Echobox=1676901194],19
[https://dailycaller.com/2023/02/17/covid-19-coronavirus-natural-immunity-mrna-vaccines-study-lancet/],2
[https://twitter.com/dw_hotspotasia/status/1626718132340682752],1
"[https://www.rmf24.pl/raporty/raport-koronawirus-z-chin/polska/news-stanislaw-karczewski-o-sposobach-walki-z-covid-19-jedno-jabl,nId,4794393]",1
[https://berthub.eu/articles/posts/reverse-engineering-source-code-of-the-biontech-pfizer-vaccine/],1
[https://twitter.com/realstewpeters/status/1627388391972012035],1
[https://s22929.pcdn.co/nhl-injuries-blackhawks-panthers-sharks-blues-and-jets/2023/02/20/],1
[https://bit.ly/3KDynLl],1
[https://www.news-medical.net/news/20230220/In-depth-assessment-of-muscle-biopsies-in-patients-with-long-COVID.aspx],10
[https://childrenshealthdefense.org/defender/covid-infection-natural-immunity-superior/?s=09],1
[https://www.tampafp.com/top-public-health-expert-agrees-with-florida-surgeon-generals-cautions-about-young-people-getting-the-jab/],1
[https://www.20minutes.fr/sante/4024537-20230220-coronavirus-has-envisage-lever-vaccination-obligatoire-soignants],1
[http://Sott.net],1
[http://bit.ly/web-cz],1
[http://obamaschannel.blogspot.com/2022/07/maria-lo-hace-y-gana-masterchef.html?m=1],2
[https://bit.ly/3lNCQka],1
[https://twitter.com/mind_of_void/status/1625858283641905153],1
[https://www.pharmatutor.org/pharma-news/2023/nih-recover-research-identifies-potential-long-covid-disparities#.Y_NwcQPBbxI.twitter],1
[https://www.naturalnews.com/2023-02-19-pancreatic-cancer-rates-skyrocket-covid-jabs-fuel-turbo-cancer.html#],1
[https://www.huffpost.com/entry/wilks-fracking-donors-ted-cruz-35-million-loan-coronavirus-relief_n_5fea86eec5b64e442105c571?utm_campaign=share_twitter&ncid=engmodushpmg00000004],1
[https://www.thelancet.com/journals/lanchi/article/PIIS2352-4642%2822%2900244-9/fulltext#tbl2],1
[https://twitter.com/hameturgeman/status/1627329860891774984],1
[https://ift.tt/4U583iR],1
[https://theconversation.com/yes-masks-reduce-the-risk-of-spreading-covid-despite-a-review-saying-they-dont-198992?utm_source=twitter&utm_medium=bylinetwitterbutton],1
[https://bit.ly/3Z1t10b],1
[https://ourworldindata.org/grapher/united-states-rates-of-covid-19-deaths-by-vaccination-status],1
[https://www.youtube.com/watch?v=gcsl6866niU],1
[http://www.jamesmcmurtry.com/covid-19.html],1
[https://twitter.com/jadasokpopp/status/1627531118638424067],1
[https://www.pref.iwate.jp/kurashikankyou/iryou/covid19/1050294.html],1
[https://siviaggia.it/notizie/video/isole-fiji-rimuovono-restrizioni-covid/395962/],1
[https://www.independent.ie/irish-news/politics/government-sets-up-group-to-counter-spread-of-false-and-harmful-material-42349732.html],1
[http://dlvr.it/SjhhrD],1
[https://twitter.com/AAC0519/status/1627629412274274304],1
"[https://www.mg.superesportes.com.br/app/noticias/futebol/atletico-mg/2023/02/19/noticia_atletico_mg,3988839/hulk-do-atletico-lamenta-desfalque-por-covid-19-me-deixou-muito-triste.shtml]",1
[https://twitter.com/FreeSpeechPart2/status/1624815050438451209],1
[https://www.theghanareport.com/covid-19-russia-ukraine-war-negatively-affected-ghanas-economy-imf-chief/],2
[https://notizie.virgilio.it/aumentano-i-casi-di-morbillo-negli-usa-scattano-le-quarantene-il-punto-di-matteo-bassetti-su-covid-e-vaccini-1558500],1
[https://twitter.com/ndtvfeed/status/1627641478888538117],1
[https://bit.ly/3IFdkGQ],1
[https://www.cbsnews.com/news/bernie-sanders-drug-companies-covid-19-vaccines-prescriptions-face-the-nation/],2
[https://twitter.com/lesstenny/status/1627460994174959616],1
[https://twitter.com/chartdata/status/1627684505631834114],3
[http://obamaschannel.blogspot.com/2020/04/un-cumpleanos-diferente.html?m=1],1
[http://youtube.com/@bqprimehindi],1
[https://www.youtube.com/watch?v=FGePj4IwB8U],2
[https://en.wikipedia.org/wiki/Bath_School_disaster],1
[https://bit.ly/3CPtWbx],1
[https://twitter.com/MichelleMaxwell/status/1627480349692379137?s=20],1
[https://bit.ly/3XquXhZ],1
[https://twitter.com/kilicdarogluk/status/1627390727809298435],1
[https://www.cnbc.com/2022/01/13/supreme-court-ruling-biden-covid-vaccine-mandates.html],1
[https://trombo.info/?s=covid],1
[http://dlvr.it/SjjGtY],1
[https://twitter.com/wsj/status/1627669424151969793],1
[https://twitter.com/alphafox78/status/1626986758662389762],1
[https://richmond.com/news/state-and-regional/long-covid-impacts-15-6-million-americans/article_3160990e-b3b4-54ba-8da8-61469e1dfe4f.html],2
[http://dlvr.it/SjhxbL],1
[https://folkhalsomyndigheten.se/nyheter-och-press/nyhetsarkiv/2021/maj/fa-allvarliga-fall-av-covid-19-bland-vaccinerade/],1
[https://twitter.com/papakwesi_jr/status/1627306670610161664],1
[https://auf1.tv/stefan-magnet-auf1/anschlag-durch-who-das-was-jetzt-auf-uns-zukommt-ist-noch-viel-brutaler],1
[https://gothamist.com/news/1-in-4-people-jailed-in-nyc-are-not-being-brought-to-court-on-time],1
[https://www.informazione.it/a/97077E48-4F5B-4860-BA0E-A12FE2C6E2C5/Il-Covid-mette-il-freno-in-Puglia-in-una-settimana-i-contagi-calano-del-3-7],1
[https://www.ciakmagazine.it/news/covid-19-80-star-di-hollywood-firmano-una-lettera-aperta-allonu/],1
[https://pierrecassen.com/2023/02/15/islam-invasion-covid-les-collabos-sont-bien-des-assassins-non/],1
[https://www.longcovidkids.org/post/who-clinical-definition-for-long-covid-in-kids],1
[https://naturesrealhealth.blogspot.com/2021/02/alcohol-health-covid-19-whats-safe.html],2
[https://apple.news/AyGAIXeIURFWK7q44xrYj6A],2
[https://www.laverdad.es/salud/covid19-provoco-fallecimientos-2020-espana-20230220150454-ntrc.html#vca=fixed-btn&vso=rrss&vmc=tw&vli=Salud],1
[http://bit.ly/3IEfC9a],1
[http://comprometida.No],1
[https://nypost.com/2021/09/28/vaccinated-michigan-couple-die-of-covid-19-holding-hands/],1
[https://is.gd/8SuHM9],1
[http://dlvr.it/Sjhr7w],1
[https://creator.nightcafe.studio/creation/WIgL58AbsloEJDfYWMPY],1
[https://twitter.com/kevinault/status/1625980028868755458?s=20],1
[https://www.ncbi.nlm.nih.gov/pmc/articles/PMC7536959/],1
[https://twitter.com/charismarenee/status/1627672090642980867],1
[https://reforminggovernment.org/wp-content/uploads/2023/02/IRG-2023-25-Budget-Analysis-v3.pdf],1
[https://bit.ly/3XGvYlH],1
[http://t13.cl/446320],3
[https://palexander.substack.com/p/shocking-yet-we-told-them-so-age?utm_source=substack&utm_campaign=post_embed&utm_medium=email],1
[https://www.eventiavversinews.it/anche-a-singapore-viene-riconosciuto-il-primo-caso-di-decesso-in-seguito-a-v-era-un-28enne-sano/],2
[https://colleenhuber.substack.com/p/eye-injuries-from-the-covid-vaccines?publication_id=380654&isFreemail=true],1
[https://www.weforum.org/agenda/2021/12/global-income-inequality-gap-report-rich-poor/],1
[https://bit.ly/3Ig4Rbl],1
[https://twitter.com/SaludGobPue/status/1627669963719733249],1
[https://www.mdpi.com/2076-393X/11/2/425],1
[https://www.nytimes.com/2023/02/01/health/covid-vaccines-covax-gavi-prepayments.html],2
[https://creator.nightcafe.studio/creation/X9C8OjZOpIJwIvD8ipcu],1
[https://www.theguardian.com/society/2021/feb/05/ursula-von-der-leyen-uk-covid-vaccine-speedboat-eu-tanker],1
[https://www.laverita.info/boom-morti-eccesso-non-covid-2659430804.html],1
[https://www.youtube.com/watch?v=s8c_Py1wgGc],1
[https://jamanetwork.com/journals/jama/fullarticle/2788894],1
[https://www1.folha.uol.com.br/poder/2023/02/bolsonaro-pode-responder-por-genocidio-no-tribunal-penal-internacional-se-justica-do-brasil-falhar.shtml],1
[https://www.thelancet.com/journals/laninf/article/PIIS1473-3099(23)00053-1/fulltext#.Y_Nep6E5DGg.twitter],1
[https://www.frontnieuws.com/grafeen-wordt-uitgestoten-van-de-covid-gevaccineerden-naar-de-ongevaccineerden-hier-is-hoe-u-het-uit-uw-lichaam-kunt-verwijderen/#],1
[https://twitter.com/tanyakanrl/status/1627460523318194176],1
[https://www.informazione.it/a/91BE0CDB-4E33-478C-9447-9166AA0028F4/Covid-in-Campania-259-casi-nelle-24-ore-Aumentano-i-ricoveri],1
[https://dunia.tempo.co/read/1693854/covid-19-taiwan-cabut-wajib-masker-di-restoran-dan-kantor?utm_source=Twitter&utm_medium=dlvr.it],1
[https://www.worldometers.info/coronavirus/#countries],1
[http://thedesertreview.com],1
[https://twitter.com/jordanbpeterson/status/1627368344730107904],1
[https://jornaldacidadeonline.com.br/noticias/46049/ibaneis-entrega-provas-e-aperta-o-cerco-contra-governo-lula],5
[https://open.substack.com/pub/colleenhuber/p/eye-injuries-from-the-covid-vaccines?r=ocf22&utm_campaign=post&utm_medium=web],3
[https://twitter.com/silvano_trotta/status/1627666808164450309],1
[https://www.dailymail.co.uk/news/article-9119431/Miami-doctor-58-dies-three-weeks-receiving-Pfizer-Covid-19-vaccine.html],1
[https://www.google.com/amp/s/www.nbcnews.com/news/amp/rcna71027],3
[https://ift.tt/DtnB6ms],1
[https://bit.ly/3Sdwx5q],1
[https://multimagenmorelos.com/2023/02/20/vacunas-contra-covid-y-hepatitis-aplicaran-en-la-uaem-la-jornada-empieza-el-lunes-20-de-febrero/],1
[https://expreso.press/2023/02/20/brecha-de-la-desigualdad-educativa-post-covid/],1
[https://covid.yanoagenda.com/countries/GB],1
[https://open.substack.com/pub/palexander/p/shocking-yet-we-told-them-so-age?r=7ceuc&utm_campaign=post&utm_medium=web],1
[https://bit.ly/3EiamoM],1
[https://twitter.com/Dr_Steph_GAYET/status/1627564112568848388],2
[https://www.google.com/amp/s/g1.globo.com/google/amp/saude/noticia/2023/02/17/ministerio-da-saude-vai-parar-de-divulgar-dados-diarios-da-covid-19-a-partir-de-marco.ghtml],1
[http://5xs.Dad],1
[http://ow.ly/1qIq50MVV3f],1
[https://euroweeklynews.com/2023/02/20/covid-vaccine-sudden-death/],2
[https://www.wsj.com/articles/the-exaggeration-of-long-covid-overmedicalization-research-mortality-children-bivalent-restrictions-11670857268],3
[https://twitter.com/Leprechaun2023/status/1620362777566277632],1
[https://www.illum.com.mt/kultura/arti/67707/ilkarnival_lura_bilkbir__eluf_kbar_joonqu_lbelt_valletta_bkarnival_meqjus_wieed_millakbar?utm_source=dlvr.it&utm_medium=twitter],1
