[https://ift.tt/WbgUFez],1
[https://www.indiabetes.in/your-stories/the-effect-of-the-coronavirus-on-blood-sugar-control],1
[https://trib.al/TUmasqN],1
[https://twitter.com/JRho_11/status/1627519535203946496],1
[https://twitter.com/RhodeToLove/status/1626941251961454592],1
[https://www.inilah.com/kata-kemenkes-soal-vaksin-covid-19-berbayar?&utm_source=twitter&utm_medium=social-media&utm_campaign=addtoany],1
[https://twitter.com/imacidggro/status/1627630663036813312],5
[https://trib.al/QqwlOaj],1
[https://www.dailymail.co.uk/health/article-11766513/AstraZeneca-sends-updated-Covid-drug-Evusheld-regulators-approval.html?ito=native_share_article-top],1
[http://ow.ly/7aMb50MTgop],1
[https://ms.spr.ly/60155kmFL],1
[https://twitter.com/gazimonirul1234/status/1627546543288102914],1
[https://www.ilmattino.it/napoli/cronaca/coronavirus_campania_bollettino_lunedi_21_febbraio_2023_ultime_notizie-7242737.html],2
[https://www.washingtonpost.com/dc-md-va/2023/02/19/covid-relief-fraud-guilty-plea/],1
[https://twitter.com/RAahiagbah/status/1627603765237882880],1
[https://c2cjournal.ca/2023/02/what-would-hippocrates-do-ontario-doctors-who-dissented-from-covid-19-doctrines-fight-for-their-professional-lives/],1
[https://sec.co.uk/visitor.../covid-19-customer-update],1
[http://dlvr.it/SjjCcv],1
[https://twitter.com/Perrytinco/status/1627295508577374208],1
[https://tkp.at/2023/02/19/wann-genau-haetten-cdc-fda-und-pei-gegen-die-covid-impfstoffe-einschreiten-muessen/],1
[https://www.vox.com/culture/23599906/canning-lids-inflation-covid-pandemic-food-prices?utm_campaign=vox&utm_content=entry&utm_medium=social&utm_source=twitter],1
[https://twitter.com/hrkbenowen/status/1627462164679208960],2
[https://www.ouest-france.fr/societe/justice/jusqu-a-18-mois-de-prison-pour-des-biologistes-medicaux-pour-avoir-falsifie-des-tests-covid-3cd2db0e-b12f-11ed-9dce-00e6a0d5ca06?utm_source=fluxpublicactu&utm_medium=fluxrss&utm_campaign=banquedecontenu],6
[https://www.wsj.com/articles/why-the-u-s-covid-19-death-toll-is-still-rising-93b2b12a?st=v8ed1cyidrnt5ts&reflink=desktopwebshare_permalink],1
[https://twitter.com/KelleyKga/status/1537909108015214595?t=AI8KxVMvZ8k9jen6HE3AzA&s=19],1
[https://rtmag.co.il/english/we-can%E2%80%99t-locate-a-signed-agreement-with-pfizer-did-the-netanyahu-government-and-the-israeli-moh-mislead-the-israeli-public-and-the-world-new-documents-reveal-%E2%80%93-the-deal-between-israel-and-pfizer-was-signed-before-their-covid-19-vaccine-even-received-emergency-use-authorization-from-the-fda],1
[https://www.centerforhealthsecurity.org/event201/],1
[https://bit.ly/3ZmqD4v],1
[https://revistaoeste.com/politica/governo-fim-divulgacao-dados-covid/],83
[https://www.acog.org/news/news-releases/2021/07/acog-smfm-recommend-covid-19-vaccination-for-pregnant-individuals],7
[https://cocukbogazici.com/i%CC%87pa-oyun],1
[https://twitter.com/sdbaral/status/1627478458359025664],1
[https://twitter.com/SpartaJustice/status/1626669648056836098?t=3Ds11sP6Tw4g_B2hrDVHsA&s=19],2
[https://expose--news-com.translate.goog/2023/02/19/covid-is-a-pandemic-of-the-wealthier-vaccinated/?_x_tr_sl=auto&_x_tr_tl=es&_x_tr_hl=es&_x_tr_pto=wapp],1
[https://rumble.com/v1wptak-my-father-almost-died-of-covid-hospital-error.html],1
[http://obamaschannel.blogspot.com/2022/03/reflexiones-de-mis-alumnos-ahora-que-ya.html?m=1],5
[https://www.biontech.com/de/de/home/covid-19/mrna-vaccines.html],1
[https://trib.al/rOUwMol],1
[http://ow.ly/HS9N50MWQsN],1
[https://www.lavoz.com.ar/ciudadanos/un-padre-no-pudo-ingresar-a-cordoba-para-ver-a-su-hija-enferma-de-cancer/],1
[http://spr.ly/60123dNnj],1
[http://investigation.No],1
[http://publichealthmdc.com/testing],1
[https://nbcnews.to/3kfdF9K],2
[https://wtop.com/coronavirus/2023/02/dc-schools-requires-covid-test-to-return-from-february-break/],7
[http://takahata521.livedoor.blog/archives/18014875.html],1
[http://lancasteronline.com],1
[https://twitter.com/SURYAPS20/status/1627295460305272832],1
[https://gunow.co/post/Venezuela-detecto-13-nuevos-contagios-por-covid-19-Zulia-no-registro-casos-Noticia-al-dia],1
[https://www.screendaily.com/features/anything-but-drama-what-are-uk-film-financiers-looking-for-in-a-post-covid-world/5179050.article#.Y_NpeNidPHc.twitter],3
[http://dlvr.it/SjhqCN],1
[https://greatgameindia.com/us-military-to-face-covid-19-vaccine-lawsuit/],3
[https://www.indiatoday.in/india/story/jp-nadda-udupi-visit-bjp-chief-hail-india-covid-vaccination-drive-joe-biden-wears-masks-2337224-2023-02-20],2
[https://www.theepochtimes.com/texas-doctor-questions-whether-frankenstein-viruses-causing-spike-in-disease_5054358.html],1
[https://www.alertadigital.com/2022/01/23/revelan-que-la-muerte-de-ancianos-en-reino-unido-habria-sido-por-midazolam-no-por-covid/],1
[https://www.tandfonline.com/doi/full/10.1080/01436597.2023.2175657?src=],1
[https://www.conservativenewsdaily.net/breaking-news/healthy-lifestyle-cut-long-covid-risk-by-half-36-percent-could-be-prevented-if-link-was-causal-harvard-study/],2
[http://dlvr.it/Sjhwvs],1
[https://ift.tt/J1uvHnh],1
[https://bit.ly/3Sfz4Mp],1
[https://twitter.com/Adriana_Accorsi/status/1627646475005054979?t=atVMGl1jou38VQj8H57-oA&s=19],1
[https://english.kyodonews.net/news/2023/02/fa5f296f73cb-japan-postmortems-of-covid-infected-patients-finds-virus-stays-in-half.html],1
[http://mon.onlineactu.com/r/ijtugxq],1
"[https://www.scmp.com/news/china/politics/article/3210683/what-does-china-plan-do-mountain-personal-health-code-data-amassed-during-zero-covid?utm_medium=email&utm_source=cm&utm_campaign=enlz-china&utm_content=20230220&tpcc=enlz-china&UUID=73b67c1f-343d-439f-adeb-c8014a8676e4&next_article_id=3210625&article_id_list=3210683,3210625,3210809,3210747,3210752,3210735,3210570,3210754&tc=5&CMCampaignID=417ad9ec58e76d7bd0e741ec2a933895]",1
[https://bit.ly/3YZFfq8],1
[https://themedialine.org/by-region/at-ourcrowd-summit-startup-has-high-hopes-for-covid-busting-nasal-spray/],1
[https://twitter.com/ListinDiario/status/1627625858398662657],1
[https://youtu.be/I8mnYdWOcUE],1
[https://bit.ly/3lQOD17],1
[https://doi.org/10.53388/IDR20221125022],3
[https://twitter.com/crisenogalo13/status/1627407971243200512],1
[https://edition.cnn.com/2023/02/16/health/covid-19-infection-immunity/index.html],1
[https://degrowth.info/blog/manifesto-for-the-reorganisation-of-the-city-after-covid-19],1
[https://www.reddit.com/r/covidlonghaulers/comments/109hbih/leaving_this_group_as_im_recovered/?utm_source=share&utm_medium=ios_app&utm_name=iossmf],1
[http://www.florenciahoy.com/inicio/noticia/7687.html],1
[https://twitter.com/jackposobiec/status/1627669869486395393],1
[https://www.authorea.com/users/342961/articles/469717-efficacy-of-lopinavir-combined-with-doxycycline-for-treatment-of-covid-19-a-retrospective-comparison-of-two-cohorts],1
[https://finance.yahoo.com/news/covid-increases-risk-cardiac-complications-210803760.html],1
[https://www.jeanmarcmorandini.com/article-527760-la-haute-autorite-de-sante-has-dont-l-avis-est-normalement-suivi-par-le-gouvernement-ouvre-la-voie-a-la-fin-de-la-vaccination-obligatoire-anti-covid-chez-les-soignants-reservant-toutefois-son-avis-definitif-pour-fin-mars.html],1
[https://tinyurl.com/yv4dewnd],1
[https://www.cope.es/n/2562056],1
[https://twitter.com/idrissaberkane/status/1627603851531395072],1
[https://www.leiaja.com/cultura/2023/02/20/nascidos-na-pandemia-curtem-o-primeiro-carnaval-em-olinda/],1
[https://thehighwire.com/videos/the-highwires-lab-investigation-of-covid-vaccines/],1
[https://www.hindustantimes.com/lifestyle/health/covid19-infection-increases-diabetes-risk-research-101676861698970.html],1
[https://www.intensivregister.de/],1
[https://news.google.com/rss/articles/CBMiX2h0dHBzOi8vd3d3LnRoZWd1YXJkaWFuLmNvbS9jb21tZW50aXNmcmVlLzIwMjMvZmViLzIwL2xvbmctY292aWQtdHJlYXRtZW50LXN5bXB0b21zLXJlc2VhcmNoLXVr0gFfaHR0cHM6Ly9hbXAudGhlZ3VhcmRpYW4uY29tL2NvbW1lbnRpc2ZyZWUvMjAyMy9mZWIvMjAvbG9uZy1jb3ZpZC10cmVhdG1lbnQtc3ltcHRvbXMtcmVzZWFyY2gtdWs?oc=5],1
[https://apple.news/AWtq_Q3ghT36vzXKU1Rs23w],2
[https://www.m.e-consulta.com/nota/2023-02-19/gobierno/gobierno-del-estado-confirma-fin-de-uso-obligatorio-de-cubrebocas],1
[https://www.capital.fr/economie-politique/covid-19-vers-la-fin-de-lobligation-vaccinale-pour-les-soignants-1460771],3
[https://techno-roid.com/anime],1
[https://twitter.com/mandacomentss/status/1627662731095511042],1
[https://twitter.com/_596_/status/1627615140186320901],1
[https://www.desmoinesregister.com/story/opinion/columnists/iowa-view/2023/02/19/covid-19-lab-leak-origin-makes-more-sense/69911444007/],3
[https://lcbreakdown.substack.com/p/deep-dive-microclots-in-long-covid?utm_source=substack&utm_medium=email],1
[https://twitter.com/ronygalo30/status/1626700406326759425],1
[https://www.hilltimes.com/story/2023/02/20/someone-has-to-hold-trump-to-account-the-man-who-wants-to-take-a-chainsaw-to-the-u-s-constitution/378990/?utm_source=Member+-+Hill+Times+Publishing&utm_campaign=e289c324e1-Todays-Headlines-Members&utm_medium=email&utm_term=0_207adb2c89-e289c324e1-%5BLIST_EMAIL_ID%5D&mc_cid=e289c324e1&mc_eid=f607a91c74],2
[https://www.todayonline.com/singapore/man-who-died-singapores-first-case-linked-covid-19-vaccine-was-otherwise-healthy-coroner-2112211],3
[https://www.lelibrepenseur.org/les-aveux-de-bill-gates-quant-a-linefficacite-des-injections-covid/],1
[https://www.iicsa.org.uk/reports-recommendations/publications/investigation/anglican-chichester-peter-ball/case-study-2-response-allegations-against-peter-ball/c1-introduction-peter-ball-case-study.html],1
[https://twitter.com/zivadavid78/status/1627599825746251777],1
[https://expose-news.com/2023/02/19/nhs-dr-confirms-orders-to-euthanise-patients-and-label-covid/],18
[https://upstract.com/x/301a8bfa2fbeb541?ref=twb],1
[https://twitter.com/clintoris/status/1626968994107338752],5
[https://www.ghadvances.org/article/S2772-5723(23)00023-7/fulltext],1
[https://gettr.com/post/p28lwd13523],2
[https://www.rayon-boissons.com/spiritueux/le-circuit-hors-domicile-encore-convalescent-mais-toujours-prescripteur],1
[https://www.ncbi.nlm.nih.gov/pmc/articles/PMC9115787/],1
[https://twitter.com/SandyChatterbox/status/1627251925203689472?s=20],1
[https://www.chicagotribune.com/sports/blackhawks/ct-chicago-blackhawks-jonathan-toews-illness-20230219-iujaul45gzfppgd3sarugfa3gq-story.html],1
[https://www.lanacion.com.ar/opinion/una-pandemia-que-nos-esta-matando-nid20022023/],1
[https://sign.moveon.org/petitions/don-t-price-gouge-the-life-saving-people-funded-moderna-covid-19-vaccine?source=twitter_share_button&utm_source=twitter&share=0bdb6e3a-e1a1-4ed2-b3d0-3354a322b378],1
[https://www.alertabogota.com/noticias/local/puntos-de-vacunacion-contra-el-covid-19-para-este-20-de-febrero-en-bogota],2
[https://twitter.com/WhyamIPipet/status/1626540214037647365],1
[https://www.wsj.com/articles/are-vaccines-fueling-new-covid-variants-xbb-northeast-antibodies-mutation-strain-immune-imprinting-11672483618],1
[https://journals.lww.com/jcardiovascularmedicine/Fulltext/2023/03000/Beneficial_effects_of_prehospital_use_of_statins.3.aspx],1
[http://dlvr.it/Sjj2Vj],1
[https://twitter.com/suilee/status/1627665655007969280],1
[https://worldnewsguru.us/business/die-casting-market-growth-trends-covid-19-impact-and-forecasts-2023-2028/587591/?ref=gsp],1
[https://gesundheitsrecht.blog/beteiligung-nichtgeimpfter-an-den-kosten-ihrer-covid-19-behandlung/?s=09],1
[http://on.forbes.com/60173qj7D],1
[https://twitter.com/JustTheNews/status/1627634217285820416],1
[http://dlvr.it/Sjj2Ws],1
[https://zurl.co/Lq0C],1
[http://obamaschannel.blogspot.com/2021/03/desde-iranzu-y-ii.html?m=1],1
[https://www.gov.uk/government/publications/covid-19-vaccine-weekly-surveillance-reports],3
[https://cdn.vox-cdn.com/thumbor/idvr6OuKyB57odsLtYDK0Mi1iQw=/0x318:4000x3318/1310x983/cdn.vox-cdn.com/uploads/chorus_image/image/71994409/GettyImages_1214070656.0.jpg],1
[https://twitter.com/mariajosetorr53/status/1627654269569564673],1
[https://www.msn.com/en-us/health/medical/how-covid-19-changes-the-heart-even-after-the-virus-is-gone/ar-AA17EaIF],1
[https://www.cbs7.com/2023/02/20/poor-schools-building-repairs-zap-covid-relief-money/?utm_campaign=snd-autopilot],1
[https://www.educationworld.in/treating-cough-sneezing-first-could-minimize-covid-19-severity-researchers/],1
[https://samnytt.se/stor-studie-naturlig-immunitet-ger-hogt-skydd-mot-covid-19],2
[https://news.google.com/rss/articles/CBMiY2h0dHBzOi8vd3d3LmtvbXBhc2lhbmEuY29tL215dXN1ZmFsYW11ZGkvNjNmMzY0OTYwNGRmZjAyZmVmMTUxMjQ0L3Byb2Jpb3Rpay1zZWJhZ2FpLXZha3Npbi1jb3ZpZC0xOdIBZ2h0dHBzOi8vd3d3LmtvbXBhc2lhbmEuY29tL2FtcC9teXVzdWZhbGFtdWRpLzYzZjM2NDk2MDRkZmYwMmZlZjE1MTI0NC9wcm9iaW90aWstc2ViYWdhaS12YWtzaW4tY292aWQtMTk?oc=5],1
[https://youtu.be/b1JlYZQG3lI],1
[https://t.me/LauraAbolichannel],23
[https://jamanetwork.com/journals/jamanetworkopen/fullarticle/2800554],1
[https://peoplescdc.org/2023/02/14/preserve-and-expand-the-public-health-resources-under-the-covid-state-of-emergency/],7
[https://buff.ly/3xBNzAU],1
[https://www.amazon.com/Rise-Fourth-Reich-Confronting-Nuremberg/dp/163758752X/ref=zg_bsnr_5571255011_sccl_7/135-8886051-8883259?psc=1],1
[https://www.washingtonpost.com/wellness/2022/12/21/covid-exercise-hospitalization-mortality/],1
[https://www.indozone.id/health/V6sqDZ1/kasus-covid-19-indonesia-terus-membaik-hari-ini-bertambah-119-sembuh-238],1
[https://www.cnbc.com/2022/01/13/why-cubas-extraordinary-covid-vaccine-success-could-provide-the-best-hope-for-the-global-south.html],1
[https://onlinelibrary.wiley.com/doi/10.1111/apm.13294],3
[https://dailytelegraph.co.nz/news/undercover-bombshell-pfizer-director-says-company-is-considering-mutating-covid-virus-to-cash-in-on-variant-jabs/],1
[https://twitter.com/AaronSiriSG/status/1627439501546225665],1
[https://twitter.com/MamaToronto/status/1627649693638336516],1
[https://twitter.com/autrement_votre/status/1416297221167980546],1
[https://www.youtube.com/live/2u8wwhJdBXo?feature=share],1
[https://www.infobae.com/america/ciencia-america/2023/02/18/el-covid-prolongado-debe-ser-tratado-como-una-enfermedad-neurologica-advirtieron-cientificos-de-eeuu/],2
[https://bit.ly/3DpDUkv],1
[http://www.bnr.ro/apage.aspx?pid=16413],1
[https://www.wcax.com/2023/02/20/poor-schools-building-repairs-zap-covid-relief-money/],1
[https://www.nzherald.co.nz/nz/new-zealand-records-biggest-increase-in-registered-deaths-in-100-years/BQERSTKIANCKRNNA7IL42RD52U/],1
[https://www.ctvnews.ca/sports/blackhawks-captain-jonathan-toews-suffering-long-covid-symptoms-1.6280737],14
[https://www.dinkyviajeros.com/pcr-para-viajar/],1
[https://twitter.com/terra_cremada/status/1627564022122913792],1
[https://www.masquealba.com/noticias/universidad/item/59307-quienes-tienen-mas-anticuerpos-frente-al-covid.html],1
[https://www.rochainforma.com/anuncia-gobierno-de-puebla-suspension-indefinida-del-uso-obligatorio-del-cubrebocas/],2
[https://twitter.com/i/web/status/1627677151188197378],1
[http://dlvr.it/Sjhspy],1
[https://report24.news/studie-geimpften-blut-ist-mit-mrna-kontaminiert/?feed_id=27593],1
[https://ift.tt/OLo3Szj],1
[https://www.cdc.gov/vaccines/covid-19/clinical-considerations/interim-considerations-us.html],1
[https://journals.sagepub.com/doi/10.1177/01410768231154703#tab-contributors],1
[https://www.lefigaro.fr/social/covid-19-la-haute-autorite-de-sante-envisage-de-lever-la-vaccination-obligatoire-chez-les-soignants-20230220],19
[https://vivere.me/dTDx],1
[https://www.statista.com/statistics/1131428/excess-deaths-in-england-and-wales/],1
[http://arxiv.org/abs/2302.09004v1],1
[https://twitter.com/NatureMedicine/status/1627631699747123200],1
[https://www.tichyseinblick.de/kolumnen/aus-aller-welt/pfizer-zulassungsstudie-ungereimtheiten-covid-nebenwirkungen/amp],2
[https://ift.tt/lTye3I4],1
[https://trib.al/8DtHLY8],1
[https://www.leprogres.fr/sante/2023/02/20/covid-les-soignants-se-vaccinent-d-abord-pour-les-autres?utm_medium=social&utm_source=Twitter#Echobox=1676891605],2
[http://facebook.com/dzbb594/],1
[https://bit.ly/3xBX6YA],1
[https://www.heraldo.es/noticias/salud/2022/10/13/escandalo-pfizer-vacuna-covid-parlamento-europeo-1605529.html?utm_source=twitter.com&utm_medium=socialshare&utm_campaign=mobile_web],2
[https://twitter.com/Dnzselc/status/1627230079636865025],1
[https://www.lejsl.com/sante/2023/02/20/covid-la-has-envisage-de-lever-la-vaccination-obligatoire-chez-les-soignants?s=09],2
[https://www.cips.org/supply-management/news/2022/november/eight-in-10-firms-say-brexit-caused-biggest-supply-chain-disruption/],1
[https://lnkd.in/dmJ8pyA4],1
[https://www.mercurynews.com/2021/06/25/teen-boy-dies-a-few-days-after-receiving-second-covid-vaccine-shot],1
[https://financialpost.com/opinion/left-authoritarian-covid-lockdowns],25
[https://trib.al/X8suu33],2
[https://twitter.com/SpartaJustice/status/1626669648056836098],2
[https://auxa.no/3IAqwwy],1
[https://www.dnaindia.com/world/report-will-rampant-avian-flu-turn-out-to-be-next-pandemic-after-covid-19-us-japan-poultry-wild-animals-who-3025041],1
[https://twitter.com/kuramochijin/status/1627638265145851904],1
[https://voyage.gc.ca/voyage-covid/voyage-restrictions/voyager-avion/tests-depistage-covid-19-voyageurs-arrivent-canada],1
[https://bit.ly/3qlYhWm],1
[https://www.fda.gov/news-events/press-announcements/fda-approves-first-covid-19-vaccine],3
[https://doi.org/10.1155/2023/1068000],1
[https://twitter.com/kaanpin/status/1627639097647894535],1
[https://rumble.com/v29m240--covid-19-countermeasures-sasha-latypova-20230121.html],1
[https://gettr.com/post/p23suxz41b9],1
[https://onvoitout.fr/covid-19-la-haute-autorite-de-sante-envisage-de-lever-la-vaccination-obligatoire-chez-les-soignants/],1
[https://link.theepochtimes.com/mkt_app/health/covid-19-can-cause-viral-induced-trauma_5023378.html],1
[https://www.audacy.com/talk1370/news/national/for-poor-schools-building-repairs-zap-covid-relief-money?utm_source=Twitter&utm_medium=Social&utm_campaign=Talk1370],1
[https://twitter.com/itsnot_samhere/status/1627661909091647488],1
[https://www.statnews.com/2023/01/23/fda-scientists-propose-an-annual-covid-shot-matched-to-current-strains/?utm_medium=email&utm_source=rasa_io&utm_campaign=newsletter],2
[https://bit.ly/3Iy3Mx6],3
[https://www.diaridebarcelona.cat/w/augment-defuncions-durant-estiu-va-ser-mes-per-calor-que-covid],1
[https://www.eldiariodetlaxcala.com/registra-sector-salud-36-casos-positivos-y-cero-defunciones-de-covid-19-en-tlaxcala-2/],1
[https://www.instagram.com/p/Co4v68FrS7U/?igshid=YTgzYjQ4ZTY=],1
[https://www.indozone.id/health/N4sNxb6/kembali-bertambah-kasus-covid-19-varian-kraken-di-indonesia-total-ada-6-kasus],1
[https://twitter.com/martinkulldorff/status/1627669651931947009],1
[https://diarioelregionaldelzulia.com/covid-19-venezuela-registra13-nuevos-contagios-en-las-ultimas-24-horas/?fb_ref=dfTfxOgTPc-Twitter&utm_source=Twitter&utm_medium=ShareButton&utm_campaign=GetSocial],1
[https://on.nyc.gov/3dlbHkr],1
[https://www.google.com/amp/s/wjla.com/amp/news/local/manassas-family-desperate-need-ecmo-machine-covid-19-rondell-baylor],1
[https://www.forbes.com/sites/roberthart/2022/11/10/covid-reinfections-may-boost-chances-of-death-and-organ-failure-study-finds---and-the-risk-increases-each-time-you-catch-it/?sh=163815502b2d],1
[https://www.theepochtimes.com/moderna-reverses-course-says-people-wont-have-to-pay-for-covid-19-vaccine_5067524.html?utm_source=morningbriefnoe&src_src=morningbriefnoe&utm_campaign=mb-2023-02-19&src_cmp=mb-2023-02-19&utm_medium=email&est=CJ34Ux9WHbBzGEdtnQnpAKjQg%2BAmXEISZmmvqbHpfW9xhfeu8q4NCfTXw%2BnQs0cI4YEnsA%3D%3D],1
[http://www.nhs.uk/vaccinations],1
[https://youtu.be/tZ9Kr47Ktmg],3
[https://www.folia.nl/actueel/155714/studenten-met-long-covid-kunnen-langer-basisbeurs-krijgen],3
[https://mastodon.cloud/@covid_stats/109897220670143381],1
[http://bit.ly/3Z1XfA7],1
[http://obamaschannel.blogspot.com/2021/10/fiestas-pequenas-de-carcastillo-2021.html?m=1],2
[https://www.hrw.org/es/news/2021/03/26/argentina-formosa-adopta-medidas-abusivas-en-su-respuesta-al-covid-19],1
[https://www.cpr.org/2023/02/03/colorado-long-covid-report/],1
[https://www.europarl.europa.eu/doceo/document/E-9-2022-000179_EN.html],1
[https://twitter.com/LukasNavar/status/1627287041820983298],1
[https://twitter.com/AgretDenis/status/1627674519665094662?t=fySgFk--EZwux-RMaVbLFw&s=19],1
[https://www.bundesfinanzministerium.de/Content/DE/Downloads/Ministerium/Wissenschaftlicher-Beirat/Gutachten/Vermoegensabgabe-Corona.pdf?__blob=publicationFile&v=3],1
[https://bit.ly/3xuM47c],1
[https://link.italynowadays.it/links/news/da1b417c],1
[https://youtu.be/6vjXeIVH2Qc],1
[https://news.google.com/rss/articles/CBMiZmh0dHBzOi8vamF0aW0uYmVyaXRhYmFydS5jby9hbmdrYS1rZW1hdGlhbi1kaS1wZW5qYXJhLWFzLW5haWstNTAtcGVyc2VuLXNlbGFtYS10YWh1bi1wZXJ0YW1hLWNvdmlkLTE5L9IBAA?oc=5],1
[https://www.leparisien.fr/societe/sante/vaccination-contre-le-covid-19-la-has-envisage-de-lever-lobligation-chez-les-soignants-20-02-2023-4LCHFKJ765BAVF6RA3ODIUTCCM.php?xtor=AD-366],1
[https://bit.ly/417tf7V],1
[https://covidaction.uk/2023/02/18/vaccination-is-still-essential-dont-ditch-our-only-protection-from-covid/],1
[https://creator.nightcafe.studio/creation/m0jys2WXrNhFDeSxnO8U],1
[https://www.saltwire.com/atlantic-canada/news/canada/white-tailed-deer-could-reintroduce-some-covid-strains-to-humans-study-100826411/?utm_medium=Social&utm_source=Twitter#Echobox=1676893428-2],1
[https://sidecarhealth.com/blog/181-rural-hospitals-have-closed-since-2005-see-the-states-that-have-been-impacted/],1
[https://fortune.com/well/2022/12/13/covid-unvaccinated-greater-risk-car-crash-traffic-accident-new-study-says-canada-government-records-pfizer-moderna/],1
[https://www.cope.es/n/2561583],1
[https://www.youtube.com/watch?v=0eYmOhB41mM],1
[https://www.ncbi.nlm.nih.gov/pmc/articles/PMC9388293/],1
[https://www.francetvinfo.fr/replay-radio/le-vrai-du-faux/covid-19-non-pfizer-ne-recommande-pas-aux-femmes-enceintes-ou-allaitantes-de-ne-pas-se-faire-vacciner_5103349.html],1
[https://twitter.com/chukkysmiles_/status/1625747404220772354],1
[https://www.lecoeur.com/one/?t_2023-02-20-15:24:15#2023-02-20-15:24:15],1
[https://www.imolaoggi.it/2023/02/20/obbligo-vaccino-per-militari-la-sentenza-della-consulta/],1
[https://bit.ly/3xvlafs],1
[https://twitter.com/i/status/1627540265715265536],1
[https://naturesrealhealth.blogspot.com/2020/12/mindful-awareness-to-tame-covid-life.html],1
[https://www.oann.com/newsroom/idaho-lawmakers-to-criminalize-covid-vaccine-administrations/],3
[https://www.bridgemi.com/talent-education/federal-covid-relief-aid-schools-will-dry-soon-are-districts-ready],1
[https://www.washingtonpost.com/politics/2021/08/11/rand-paul-gilead-stock/],1
[https://bit.ly/3k91FGL],1
[https://constitutionalrightspac.com/articles/is-the-biden-administration-gearing-up-for-climate-lockdowns],1
[https://bbcnat.com/business/covids-legacy-of-weirdness-layoffs-spread-but-some-employers-cant-hire-fast-enough-business/?feed_id=16600&_unique_id=63f3853771f33],1
[https://it.aleteia.org/2023/02/20/addio-super-chico/],1
[https://www.ouest-france.fr/societe/justice/jusqu-a-18-mois-de-prison-pour-des-biologistes-medicaux-pour-avoir-falsifie-des-tests-covid-3cd2db0e-b12f-11ed-9dce-00e6a0d5ca06],1
[https://bit.ly/3YKk7V8],1
[https://www.ahajournals.org/doi/epdf/10.1161/CIRCULATIONAHA.122.059970],1
[https://twitter.com/roselilas9/status/1624842624715616258],1
[https://wp.me/p6M9kP-2AE],1
[https://papers.ssrn.com/sol3/papers.cfm?abstract_id=4329970],1
[https://uneyama.hatenablog.com/entry/2023/02/20/181257],2
[https://twitter.com/mzelst/status/1627654711896678404],1
[https://goodlawproject.org/good-law-project-threatens-action-against-met-for-refusing-to-investigate-matt-hancock/],1
[https://www.ugtcantabria.org/cantabria-inicia-2023-con-medio-millar-de-accidentes-laborales-pese-a-reducirse-un-87-los-vinculados-al-covid/],1
[https://www.sassilive.it/cronaca/politica/ventilazione-anti-covid-nelle-scuole-della-basilicata-conferenza-di-bardi-e-galella/],1
[https://www.newsweek.com/top-florida-doctor-warns-young-men-covid-vaccines-pose-high-risk-death-1750150],1
[https://twitter.com/dcexaminer/status/1627647879035641856],1
[https://twitter.com/BolsonaroSP/status/1627608519284252672],1
[https://twitter.com/jd1515151/status/1627641155507691521],1
[https://ift.tt/mdFfxjs],1
[https://www.ctvnews.ca/sports/blackhawks-captain-jonathan-toews-suffering-long-covid-symptoms-1.6280737?cid=sm%3Atrueanthem%3A%7B%7Bcampaignname%7D%7D%3Atwitterpost%E2%80%8B&taid=63f2d7aee70845000112d143&utm_campaign=trueAnthem%3A+Trending+Content&utm_medium=trueAnthem&utm_source=twitter],1
[https://health.detik.com/berita-detikhealth/d-6578880/mohon-bersabar-kemenkes-pastikan-status-darurat-covid-19-belum-dicabut?utm_content=detikcom&utm_term=echobox&utm_medium=oa&utm_campaign=detikcomsocmed&utm_source=Twitter#Echobox=1676883346-1],1
[https://itnonline.com/content/lasting-lung-damage-seen-children-and-teens-after-covid],1
[https://kuwanokazuya.com/world-japan-covid-fukushimamasa-20221202/],1
[https://ift.tt/sqhVaGT],1
[https://twitter.com/dm_ms/status/1627285823593873408],1
[https://www.zerohedge.com/covid-19/ends-debate-israeli-study-shows-natural-immunity-13x-more-effective-vaccines-stopping],1
[http://dlvr.it/Sjj8Tr],3
[https://www.tapinto.net/towns/greater-olean/sections/health-and-wellness/articles/five-cattaraugus-county-residents-test-positive-for-covid-feb-18],1
[https://bit.ly/3lH42AW],1
[https://www.bvoltaire.fr/covid-19-la-haute-autorite-de-sante-reflechit-a-lever-lobligation-vaccinale-des-soignants/?feed_id=23933&_unique_id=63f38fdeb33a0],1
[https://www.news.com.au/technology/science/human-body/dr-kerryn-phelps-reveals-devastating-covid-vaccine-injury-says-doctors-have-been-censored/news-story/0c1fa02818c99a5ff65f5bf852a382cf],1
[http://dlvr.it/Sjhzq3],1
[https://twitter.com/IWASport/status/1627619949144317954],1
[https://www.lenouvelliste.com/article/240798/les-effets-deleteres-de-la-covid-19-sur-les-jeunes-font-planer-le-spectre-dune-generation-perdue],1
[http://dlvr.it/SjhzX2],1
[https://www.metroworldnews.com.br/foco/2023/02/20/vacinacao-em-sao-paulo-segue-nesta-segunda-feira-de-carnaval-ate-as-19h-confira-os-locais/],1
[https://www.leparisien.fr/societe/sante/vaccination-contre-le-covid-19-la-has-envisage-de-lever-lobligation-chez-les-soignants-20-02-2023-4LCHFKJ765BAVF6RA3ODIUTCCM.php],597
[https://www.bmj.com/content/376/bmj.o308],1
[https://pimamedicalsociety.org/publications/monthly-news-letter/],1
[https://twitter.com/Pragmatismo_/status/1627645000304533504],1
[https://med.stanford.edu/news/all-news/2021/09/surgical-masks-covid-19.html],1
[https://papers.ssrn.com/sol3/papers.cfm?abstract_id=4322399],2
[https://www.infowars.com/posts/cardiologist-asks-why-is-covid-jab-not-being-pulled-after-showing-adverse-reaction-rate-of-1-in-800],1
[https://twitter.com/SlenderSherbet/status/1627441734413164546],1
[https://www.independent.co.uk/news/health/long-covid-symptoms-vaccine-b2284600.html],24
[https://nationalfile.com/world-bank-document-lists-covid-19-program-ending-in-march-2025/],1
[https://lnkd.in/ejARH3v],1
[https://news.google.com/rss/articles/CBMigQFodHRwczovL2ZyZWRlcmlja3NidXJnLmNvbS9uZXdzL2xvY2FsL2xvbmctY292aWQtaW1wYWN0cy0xNS02LW1pbGxpb24tYW1lcmljYW5zL2FydGljbGVfZTBjNmE1M2UtYWQ3My0xMWVkLWFiYzctM2I0YmE2NWU1ZmI0Lmh0bWzSAQA?oc=5],1
[http://dlvr.it/Sjj47q],1
[https://twitter.com/ronin19217435/status/1627424487074328578],1
[https://www.newswise.com/coronavirus/flu-vaccination-rate-holds-steady-but-misinformation-about-flu-and-covid-19-persists/?article_id=787210&ta=home],1
[https://www.itv.com/news/2023-02-16/90000-students-to-sue-their-universities-over-covid-disruption],1
[http://ow.ly/S9Nf50MBRWz],1
[https://www.foxnews.com/opinion/blackburn-lee-biden-covid-bailout-red-states-blue-state-payday],1
[https://www.lefigaro.fr/social/covid-19-la-haute-autorite-de-sante-envisage-de-lever-la-vaccination-obligatoire-chez-les-soignants-20230220?utm_term=Autofeed&utm_campaign=echobox&utm_medium=Social&origine=VWT16001&utm_source=Twitter#Echobox=1676900570],1
[https://childrenshealthdefense.org/defender/covid-infection-natural-immunity-superior/?itm_term=home],1
[https://expose-news.com/2023/02/19/secret-pfizer-documents-vaccine-shedding/],1
[https://twitter.com/vgclements1/status/1627400875793678338],1
[http://ConnectAID.com],1
[http://dlvr.it/SjjBLH],1
[http://www.rui.jp/ruinet.html?i=200&c=600&t=6&k=0&m=368282&g=131207],1
[https://www.kotatv.com/2023/02/20/poor-schools-building-repairs-zap-covid-relief-money/],1
[https://bit.ly/3VOgBHd],1
[https://vk.com/wall-209702645_106227],1
[http://dlvr.it/Sjj3m0],1
[https://japalpilpa.com/covid-el-precio-que-queda-por-pagar-la-salud-mental/],1
[https://en.wikipedia.org/wiki/Capital_Airlines_Flight_20],1
[http://dlvr.it/Sjj4HZ],1
[http://opr.news/2b2adde230220de_de?link=1&client=newseu],1
[https://jamanetwork.com/journals/jamainternalmedicine/fullarticle/2800885?guestAccessKey=a9998ba9-a64c-4674-a761-dfb50e5c1c43&utm_source=For_The_Media&utm_medium=referral&utm_campaign=ftm_links&utm_content=tfl&utm_term=020623],1
[https://twitter.com/mindingottawa/status/1627658679041290242],1
[https://ecency.com/hive-131951/@annafenix/esa-vida-nuestra-iniciativa-8],1
[https://gettr.com/post/p28v8l8ce7b],1
[https://bit.ly/3ElMy3x],1
[https://paypal.me/lcbon],2
[https://amsterdamnews.com/news/2023/02/16/factcheck-false-wearing-masks-causes-people-to-get-sick/],1
[https://capx.co/the-covid-chip-crisis-narrative-is-badly-flawed-and-politicians-should-take-note/],1
[https://lnkd.in/e_NzBNSd],1
[https://www.reuters.com/business/healthcare-pharmaceuticals/pfizerbiontech-moderna-gear-up-2024-london-trial-over-covid-vaccine-patents-2023-02-16/],3
[https://expressen.se/nyheter/coronaviruset/mamman-och-dottern-sa-nej-till-vaccin-dog-i-covid/],1
[https://www.radarbangsa.com/news/43747/update-data-covid-19-di-indonesia-20-februari-sembuh-238-positif-119?utm_source=dlvr.it&utm_medium=twitter],1
[https://www.theguardian.com/books/2023/feb/15/british-independent-publishers-thrive-despite-brexit-and-covid-pandemic],1
[https://twitter.com/cartlanddavid/status/1627647898191073281],1
[https://esquerdanews.com/numero-de-internacoes-por-covid-19-no-amazonas-tem-alta-de-546/],1
[https://covid-19.ontario.ca/book-vaccine],1
[https://twitter.com/Britain_People/status/1627615293186121728],1
[https://www.larazon.es/comunidad-valenciana/ope-2023-incluira-empleos-concretos-gestion-fondos-europeos_2023021563ecc033acd8e6000175f2ae.html],1
[https://twitter.com/LMucchielli/status/1627350349647429633],1
[https://twitter.com/ArqdoGalo/status/1627365895738736640?t=-aCq73fK8CPnSxQQLKjdRA&s=19],1
[https://youtu.be/t88XSTMRD20],2
[https://bit.ly/3Vqwx2V],1
[https://napoli.repubblica.it/cronaca/2023/02/20/news/covid_in_campania_108_nuovi_casi_e_un_morto-388741039/?ref=twhl&timestamp=1676904741000],1
[https://twitter.com/mentnelson/status/1622953149018542080],1
[http://www.granma.cu/cuba-covid-19/2020-07-07/nota-informativa-del-ministerio-de-las-fuerzas-armadas-revolucionarias-07-07-2020-01-07-21],3
[https://www.straitstimes.com/singapore/man-s-death-from-heart-inflammation-likely-related-to-covid-19-vaccine-jab-coroner],2
[https://maryannedemasi.substack.com/p/a-petition-to-stop-fda-misleading],1
[https://twitter.com/Blackrussiantv/status/1627623745765666817],1
[https://twitter.com/midwesterndoc/status/1627434842190409728],1
[https://popularrationalism.substack.com/p/lessons-from-covid-19-vaccination?publication_id=475124&isFreemail=true&utm_medium=email],1
[https://bit.ly/3kjkkPY],1
[https://idahocapitalsun.com/2023/01/18/washington-medical-board-charges-dr-ryan-cole-with-covid-19-related-violations/],2
[https://twitter.com/SpartaJustice/status/1627570174353195008?s=20],6
[https://www.cms.gov/medicare/covid-19/new-covid-19-treatments-add-payment-nctap],1
[https://www.zusammengegencorona.de/impfen/erster-totimpfstoff-gegen-covid-19-alles-wichtige-zu-nuvaxovid-r-von-novavax/],1
[https://www.gov.uk/government/publications/jcvi-update-on-advice-for-covid-19-vaccination-of-children-aged-5-to-11/jcvi-statement-on-vaccination-of-children-aged-5-to-11-years-old],1
[https://libertaddigital.com.ar/Notas/Nota/5886269-postas-habilitadas-durante-el-feriado-para-la-vacunacion-contra-la-covid19-en-resistencia#.Y_NgHCQqLgM.twitter],1
[http://turuncukasa.com],1
[https://freiheitsfunken.info/2023/02/19/20422-long-covid-die-folgen-fuer-politik-und-gesellschaft-geimpft-gegen-ungeimpft--die-gespaltene-gesellschaft],1
[https://twitter.com/christiancalgie/status/1627585921280360448],1
[https://www.cidrap.umn.edu/covid-19-neuro-complications-long-term-symptoms-kids],2
[https://www.theepochtimes.com/pfizer-knowingly-allowed-dangerous-components-in-its-vaccines-part-1_5060324.html?ea_med=desktop_health&tmp=1&ea_src=ai_recommender],14
[https://es.theepochtimes.com/estudio-la-vacuna-anti-covid-de-novavax-esta-asociada-con-inflamaciones-cardiacas_1101157.html],2
[https://zenodo.org/record/7372672],1
[https://archive.ph/2023.02.19-050945/https://www.bostonglobe.com/2023/02/18/business/people-are-leaving-massachusetts-has-lost-110000-residents-since-covid-began-is-life-better-out-there/?event=event25],1
[https://bit.ly/3IekmAS],2
[https://www.cnn.com/2022/01/05/politics/jimmy-carter-democracy-jan-6-oped/index.html?utm_term=1676893070717b59b2e39f304&utm_source=cnn_Five+Things+for+Monday%2C+February+20%2C+2023&utm_medium=email&bt_ee=Y7U4phtKtJ%2B0hVeuEJQF8iVrUe4KsA2m5tJRH9A3p605s89EfPxVI5Lgi75XeBNu&bt_ts=1676893070722],1
[https://medicinasa.com.br/indigenas-vacina-covid/],1
[https://twitter.com/TECHNOROID_info/status/1627563706774323200],3
[https://www.orlandosentinel.com/opinion/editorials/os-op-florida-surgeon-general-joseph-ladapo-rivkees-20210922-fsxpdsujwfhudiqypxgver25fm-story.html],1
[https://buff.ly/3HfOKdt],1
[https://www.telegraph.co.uk/news/2022/08/18/lockdown-effects-feared-killing-people-covid/],1
[https://www.theepochtimes.com/health/covid-19-can-cause-viral-induced-trauma_5023378.html],4
[https://covid19compensation2022.com/HOT-NEWS],1
[https://www.theepochtimes.com/novavax-covid-19-vaccine-associated-with-heart-inflammation-study_5062933.html?utm_campaign=socialshare_twitter&utm_source=twitter.com],2
[https://naturesrealhealth.blogspot.com/2020/06/covid-19-necessity-of-facemasks.html],1
[http://www.keepingyouinformed.info/trendspottr/vacations-and-travel/cruise-lines-dropped-covid-protocols-how-did-that-impact-cases-on-ships-we-got-the-numbers/?c=eyJ0eXAiOiJKV1QiLCJhbGciOiJIUzI1NiJ9.eyJub2RlX2lkIjo1MTY2MiwicHJldmlldyI6ZmFsc2UsImNvbW1faWQiOjY4Nzg2OTgsImRlc3RfaWQiOjkxOTc1NjEsInJlYWRlcl9pZCI6bnVsbH0.llpmvQRzQPFu0EB_pf1S_knxbl489F5p1F0jDUPsyiM],1
[https://quoththeraven.substack.com/p/covid-emergency-climate-emergency],2
[https://twitter.com/DrLoupis/status/1627337467215978502],1
[https://i-goods.co.jp/covid/magazine/708/],1
[https://www.hopkinsmedicine.org/health/conditions-and-diseases/coronavirus/heart-problems-after-covid19],1
[https://directorsblog.nih.gov/2022/10/18/study-shows-benefits-of-covid-19-vaccines-and-boosters/],2
[https://vivere.me/dTEi],2
[https://twitter.com/Le__General_0ff/status/1627395879811395586],1
[https://www.independent.co.uk/news/uk/politics/covid-antivaxxers-graham-brady-meeting-b1930027.html],2
[https://on.soundcloud.com/Trkd7oE1u7ZnSxpv9],1
[https://ift.tt/Cc364Yb],1
[https://www.bbc.co.uk/mundo/noticias-internacional-64700133],1
[https://childrenshealthdefense.org/defender/florida-mrna-covid-vaccines-adverse-events/],1
[https://www.rtl.it/notizie/articoli/cinquecento-medici-e-sanitari-morti-durante-il-covid-oggi-la-giornata-nazionale/],1
[https://twitter.com/VintageKidsNL/status/1627635702979780609],1
[https://bit.ly/3Ejcjl8],1
[https://trib.al/30BJUu8],1
[https://apple.news/Acm6x4lMvRnGvyyVcoGo04w],1
[https://www.shango.media/france-info-%f0%9f%94%b5-covid-19-la-haute-autorite-de-sante-ouvre-la-voie-a-une-levee-de-la-vaccination-obligatoire-chez-les-soignants-2880781],1
[https://c.leprogres.fr/sante/2023/02/20/covid-la-has-envisage-de-lever-la-vaccination-obligatoire-chez-les-soignants],1
[https://twitter.com/jessicaelgot/status/1627688537683271680],1
[http://bit.ly/3bmKjhA],1
[https://www.youtube.com/watch?v=nc7lXBL9mng],1
[https://twitter.com/DrRupaMarya/status/1627184561435348999],3
[http://bit.ly/CentrosSaludVacunaCOVID19],1
[https://twitter.com/themainichi/status/1627636876436975617],1
[https://twitter.com/forumpandlr/status/1627683231548973057],1
[https://twitter.com/VickiMahony/status/1627330022041174016?s=20],1
[https://go.ivoox.com/rf/103364531?utm_source=twitter&utm_medium=social&utm_content=audio&utm_campaign=tw_autopublish],1
[https://www.lefigaro.fr/social/covid-19-la-haute-autorite-de-sante-envisage-de-lever-la-vaccination-obligatoire-chez-les-soignants-20230220?utm_medium=Social&utm_campaign=echobox&utm_source=Twitter&origine=VWR22002#Echobox=1676901026],1
[https://www.lewrockwell.com/2022/07/lew-rockwell/the-covid-plot-against-humanity/],9
[https://twitter.com/odilaros21/status/1627654226141671424],1
[https://twitter.com/ProjectLincoln/status/1627510858732523521],1
[http://dlvr.it/Sjhbwy],2
[https://youtu.be/3uKPMVGDS7A],1
[https://aredacao.com.br/noticias/182687/prefeitura-de-goiania-oferece-vacinacao-contra-covid-nesta-segunda-20-2],1
[https://thomasabraunrph.substack.com/p/free-books-on-covid-crisis?utm_source=substack&utm_medium=email],1
[https://www.ncbi.nlm.nih.gov/pmc/articles/PMC8228266/],1
[http://w.informacion.es/bc5tp2],1
[https://sumsel.antaranews.com/berita/698049/persediaan-vaksin-covid-19-di-oku-sumsel-menipis],1
[http://obamaschannel.blogspot.com/2022/05/no-me-da-la-vida.html?m=1],2
[https://dinkes.papuabaratprov.go.id/artikel/situasi-terkini-perkembangan-covid19-di-papua-barat-tanggal-19-februari-2023],1
[https://twitter.com/toadmeister/status/1577362902616522783],1
[https://doi.org/grs7ph],4
[https://link.theepochtimes.com/mkt_app/novavax-covid-19-vaccine-associated-with-heart-inflammation-study_5062933.html?utm_source=andshare],3
[http://dlvr.it/Sjj5DM],2
[https://www.informazione.it/a/C04D619E-453D-4A91-8D9A-52EBC345D195/In-Campania-i-positivi-al-Covid-19-sono-259-casi-su-4-945],1
[https://reelhealth.com/],1
[https://twitter.com/ayannapressley/status/1627423842753982465],1
[https://twitter.com/MeganTheOracle/status/1627515206556585984],1
[https://eltiempomonclova.mx/t333355],1
[https://www.eitb.eus/eu/albisteak/gizartea/bideoak/osoa/9114735/bideoa-artatze-integralik-ez-zaiela-eskaintzen-salatu-dute-covid-iraunkorra-daukatenek-legebiltzarrean/],1
[http://obamaschannel.blogspot.com/2022/03/a-mis-abuelos-los-cuatro.html?m=1],4
[https://www.freshplaza.com/europe/article/9504377/affluence-similar-to-the-pre-covid-era/],1
[https://www.biologiste365.fr/actualites/profession/une-baisse-de-20-des-remboursements-danalyses-medicale-en-2022/],1
[https://www.beckershospitalreview.com/workforce/vaccination-requirements-spur-employee-terminations-resignations-numbers-from-6-health-systems.html],1
[https://www.tvanouvelles.ca/2020/12/11/theories-effrayantes-et-mensongeres-sur-le-vaccin-anti-covid],2
[https://twitter.com/i/web/status/1627669592393785344],1
[https://bit.ly/3IytwcP],1
[https://papers.ssrn.com/sol3/papers.cfm?abstract_id=4342889],1
[http://spr.ly/60163oF14],1
[https://joywalraven.com/nutritional-guidelines-for-lung-heat/],1
[https://mastodon.cloud/@covid_stats/109897198379656148],1
[https://naturesrealhealth.blogspot.com/2020/06/covid-too-much-salt-immune-system.html],1
[https://notisdom.com/sp-notifica-9-nuevos-contagios-de-covid-19-y-ninguna-defuncion/],1
[https://www.himalayaustralia.com.au/2023/02/17/republican-lawmakers-jointly-request-daszak-and-collins-for-information-on-covid-19-origins/],4
[https://twitter.com/amueblaeltunel/status/1627409330856202241],1
[https://bit.ly/3Sfdwjd],1
[https://t.me/jairbolsonarobrasil/5403],1
[http://t.me/Rosenbusch],1
[https://rumble.com/v2a695w-dr.-mike-yeadon-interview-pfizers-covid-19-mrna-vaccines-are-toxic-by-desig.html],1
[https://www.serranossa.com.br/rs-recebe-mais-97-mil-doses-da-vacina-bivalente-contra-a-covid-19/],1
[https://twitter.com/David10311967/status/1627684845684924421],1
[https://twitter.com/PaulWoods007/status/1627581954001600513],1
[https://radar24.do/salud-publica-reporta-nueve-nuevos-casos-de-covid-hay-222-activos/],1
[https://m.bilibilicomics.com/share/reader/mc94?utm_source=app_share_twitter&utm_medium=skiptimemission&systemLang=en&yh=NjM4NzkyNzAwMg==&share_template=1_10&hashtag=COVID],1
[http://www.msn.com/en-us/news/us/for-poor-schools-building-repairs-zap-covid-relief-money/ar-AA17HSBz?ocid=ob-tw-enus-1541511688107],1
[https://www.oann.com/video/oan-contribution/author-of-gone-viral-justin-hart-discusses-calif-axing-k-12-covid-vaccine-mandate/],1
[https://www.gmanetwork.com/news/topstories/nation/861434/deped-confirms-reports-of-laptops-being-sold-in-cebu/story/],1
[http://ow.ly/Wbps30su7sP],1
[https://twitter.com/pauladefarasin/status/1627587565917282305],1
[https://www.blacklistednews.com/article/84098/florida-surgeon-general-warns-lifethreatening-vaers-reports-up-4400-percent-since-covid19-vaccine.html],1
[http://eurotopics.net/fr/296819],1
[https://zurl.co/cw2f],1
[https://www.infosperber.ch/gesundheit/public-health/gute-noten-fuer-die-corona-informationen-von-infosperber/],1
[https://www.news-medical.net/amp/news/20230216/Adults-who-received-COVID-19-vaccines-reported-short-term-reductions-in-depressive-and-anxiety-symptoms.aspx],1
[http://www.rcnradio.com/bogota/estos-son-los-puntos-de-vacunacion-contra-el-covid-19-para-este-20-de-febrero-en-bogota?utm_source=dlvr.it&utm_medium=twitter],1
[https://twitter.com/ppmadrid/status/1627682219983609856],1
[https://twitter.com/Titix87888110/status/1625524098368520192],1
[https://kourdistoportocali.com/news-desk/joseph-mercola-gt-o-koryfaios-evraios-kathigitis-exigei-pos-na-apotoxinotheite-apo-tin-prote-ni-akidas-meta-apo-covid-19-i-emvolio-covid-19/],1
[https://francais.rt.com/france/104385-has-ouvre-voie-levee-vaccination-obligatoire-anti-covid-chez-soignants],1
[https://covid19papuabarat.org],2
[https://news.google.com/rss/articles/CBMiemh0dHBzOi8vdGltZXNpbmRvbmVzaWEuY28uaWQvZmxhc2gtbmV3cy80NDY2MzAvZHVrdW5nLWNvdmlkMTktaGVuZ2thbmctYXN0b24tamVtYmVyLWdlbGFyLXZha3NpbmFzaS1ib29zdGVyLXVudHVrLWthcnlhd2Fu0gF-aHR0cHM6Ly90aW1lc2luZG9uZXNpYS5jby5pZC9hbXAvZmxhc2gtbmV3cy80NDY2MzAvZHVrdW5nLWNvdmlkMTktaGVuZ2thbmctYXN0b24tamVtYmVyLWdlbGFyLXZha3NpbmFzaS1ib29zdGVyLXVudHVrLWthcnlhd2Fu?oc=5],1
[https://www.ipcc.ch/report/ar6/wg1/downloads/report/IPCC_AR6_WGI_SPM.pdf],1
[http://dlvr.it/SjjGpw],1
[https://rumble.com/v1zkz94-dr.-mccullough-us-senate-to-save-lives-pull-the-covid-19-vaccines-off-the-m.html],11
[https://www.dailymail.co.uk/health/article-11681217/Getting-Pfizers-Covid-booster-flu-shot-day-raise-risk-STROKE.html],2
[https://www.al.com/news/2023/02/damar-hamlins-good-morning-america-interview-fuels-covid-vaccine-conspiracies.html],1
[https://www.informazione.it/a/E4801A97-DF1A-40F5-9D92-79615748F87D/Covid-in-Basilicata-continua-il-miglioramento],1
[http://dx.doi.org/10.1101/2023.02.18.23286127],1
[https://www.americaoutloud.com/research-continues-to-pour-in-leaving-millions-of-vaccinated-susceptible-to-serious-diseases/],1
[https://clownbasket.substack.com/p/covid-18-omicron-and-some-things],1
[https://t.me/+gCQe1u_j-PozOWYx],2
[https://bit.ly/3HyyfsM],1
[https://www.theepochtimes.com/novavax-covid-19-vaccine-associated-with-heart-inflammation-study_5062933.html?utm_source=andshare],1
[http://ow.ly/CezE50MWRy0],1
[https://yellowhammernews.com/adph-if-one-gets-hit-by-a-bus-dies-but-tests-positive-for-covid-19-cause-of-death-is-listed-as-covid-19/],1
[https://youtu.be/3tqwqEqOBe4],1
[https://metro.sindonews.com/read/1027327/171/pemprov-dki-sebut-476128-masyarakat-telah-vaksin-booster-kedua-covid-19-1676862130?_gl=1*fbhj6c*_ga*Yk9YOWlneHlYZE04c3E3VW5JQldpYk03cU9PQmp5NjlmWk16NXFGblFjd2FPLVp6U05BaEs1dnhyTkwzbkR5bw],1
[https://onlinelibrary.wiley.com/doi/abs/10.1111/j.2153-3490.1956.tb01206.x],1
[https://www.sciencesetavenir.fr/sante/covid-la-has-envisage-de-lever-la-vaccination-obligatoire-chez-les-soignants_169519],5
[https://twitter.com/MaajidNawaz/status/1627132404056850437],1
[https://amp.dw.com/pt-br/estudo-conclui-que-vacinação-contra-covid-salvou-20-milhões/a-62251758],1
[https://le.ac.uk/news/2023/february/covid],1
[https://www.naturalnews.com/2023-02-19-idaho-legislators-introduce-measure-criminalizing-covid-vaccines.html],2
[https://reporterbrasil.org.br/2021/03/maioria-dos-fabricantes-brasileiros-de-cloroquina-nao-recomenda-o-remedio-para-covid-19/],1
[https://asianews.network/can-the-umeda-renaissance-revitalize-osaka-and-kansai-region/],1
[http://dlvr.it/Sjj77F],1
[https://www.nationalreview.com/2023/02/fauci-changes-his-public-tune-on-covid-vaccines/],8
[https://twitter.com/missouriprison/status/1528700631208316929?s=46&t=gmeW9ON2BkE-3mrsjXJqRA],1
[https://www.mdpi.com/1999-4915/15/2/583],1
[https://www.huntingtonbeachurgentcare.com/],1
[https://www.nebraskamed.com/COVID/you-asked-we-answered-do-the-covid-19-vaccines-cause-blood-clots-or-heart-problems],1
[https://www.thenational.scot/news/19931745.covid-data-will-not-published-concerns-misrepresented-anti-vaxxers/],1
[https://www.grid.news/story/global/2023/02/17/china-says-its-open-for-business-again-after-zero-covid-heres-what-that-means/],1
[https://twitter.com/francebleuisere/status/1627633322925953024],1
[https://covid19.who.int/?mapFilter=deaths],1
[https://podcasts.apple.com/us/podcast/verdict-with-ted-cruz/id1495601614?i=1000600530597],2
[https://spaceglow.blog/2023/02/20/covid-19-%e7%ac%ac8%e6%ac%a1%e6%84%9f%e6%9f%93%e5%a2%97%e5%a4%a7%e3%81%ae%e7%b5%82%e6%81%af%e3%81%a8%e3%81%9d%e3%81%ae%e6%8c%87%e6%95%b0%e9%96%a2%e6%95%b0%e8%bf%91%e4%bc%bc%e3%81%ae%e7%b5%90%e6%9c%ab/],1
[https://violationtracker.goodjobsfirst.org/parent/pfizer],2
[https://twitter.com/TarekFatah/status/1627351480230346755],1
[https://twitter.com/yami2336/status/1627638915283791872],1
[https://es.theepochtimes.com/como-la-ventilacion-mecanica-en-pacientes-con-covid-19-puede-ser-una-sentencia-de-muerte_1095033.html?utm_source=twitter&utm_medium=sharedFromMember],1
[https://twitter.com/MargRev/status/1627644284634558466],1
[http://dlvr.it/Sjj1P5],1
[https://japalpilpa.com/covid-breve-historia-de-una-histeria/],1
[https://www.sportsnet.ca/nhl/video/brandon-sutter-opens-battle-covid-19/],1
[https://stireazilei.co.uk/?p=594837],1
[https://twitter.com/DrEliDavid/status/1627598620064157697],1
[https://link.theepochtimes.com/mkt_app/idaho-lawmakers-seeking-to-criminalize-injecting-of-mrna-covid-19-vaccines_5069840.html?utm_source=andshare],2
[http://dlvr.it/Sjhxmy],1
[https://www.peoplemanagement.co.uk/article/1813965/stressful-conditions-behind-uk-workers-opting-not-work-money-no-object-survey-finds?bulletin=pm-daily],1
[https://knife.media/covid-tears/],2
[https://twitter.com/LongCovidKids/status/1621798137177194498],1
[http://Fredericksburg.com],1
[https://naturesrealhealth.blogspot.com/2020/04/covid-19-created-stress-dietary-habits.html],1
[https://www.lifesitenews.com/news/actor-matthew-marsden-tells-tucker-he-doesnt-regret-refusing-covid-jab-for-the-sake-of-a-role/?utm_source=digest-freedom-2023-02-14&utm_medium=email],1
[https://twitter.com/troywestwood/status/1627383274862510084],1
[https://open.substack.com/pub/usfreedomflyers/p/helicopter-and-fixed-wing-pilot-describes?r=z7ce3&utm_campaign=post&utm_medium=email],1
[https://bit.ly/3xCTup4],1
[https://twitter.com/d_og280/status/1627685492308455429],1
[https://twitter.com/drloupis/status/1627337467215978502],2
[https://www.letemps.ch/sciences/sante/une-infection-covid-protege-bien-quun-vaccin],1
[http://www.gov.scot/covid-signage-scheme],1
[https://twitter.com/paulobilynskyj1/status/1627386148287836161],1
[https://www.newsmax.com/newsmax-tv/deborah-birx-pandemic-covid-19/2023/01/31/id/1106622/],1
[https://www.wsj.com/articles/double-face-masks-n95-protect-yourself-against-new-covid-19-variants-with-these-mask-upgrades-11612473349],1
[https://news.gallup.com/opinion/gallup/354938/adults-estimates-covid-hospitalization-risk.aspx],1
[https://www.penbaypilot.com/article/belfast-s-troy-howard-middle-school-misses-fourth-day-person-classes-covid-outbreak/170777],1
[http://pinzonmartinez.blogspot.com/2015/03/es-inevitable-resolviendo-paradigmas.html],1
[http://ms.spr.ly/60185RhEG],1
[https://www.businessinsider.com/analysis-trump-covid-19-response-40-percent-us-deaths-avoidable-2021-2],1
[https://lnkd.in/e7mfFQHu],1
[https://twitter.com/brisco_0317/status/1627664179346669570],4
[https://www.informazione.it/a/49103811-167F-4A25-B030-247A885B558D/Covid-Italia-il-report-morti-ancora-in-aumento-su-del-7-2],1
[https://twitter.com/Complexity_CLS/status/1627010188447256578],1
[https://fb.watch/iPdMc7hlL_/],1
