[P1H],1
[lpc],1
[bbclaurak],15
[government],1
[OSS],1
[FelizSemana],16
[communityfundraisingevent],1
[monaco],1
[Public],1
[FratellidItalia],1
[江戸],1
[mali],1
[ucraina],1
[outcomes],1
[FoxFakeNews],2
[memory],1
[support],2
[rta],2
[MedNews],2
[Werteverfall],2
[UN],2
[日本郵政],1
[reet2023],1
[RIPQueenElizabeth],1
[laotraversion],1
[serranossa],1
[transpeople],1
[PNPKakampiNiyo],2
[republican],1
[socialmedia],4
[HesapVereceksiniz],7
[politics],4
[blacklivesmatter],3
[wine],1
[NikkiHaley],2
[FinalDeLasMascarillas],1
[dinero],2
[hindutva],1
[VaccineConfidence],1
[EMPA],1
[SteveBarclay],1
[pericarditis],3
[criminallaw],2
[MisguidedMandate],1
[SharePost],1
[ProjectACT],1
[INTERNACIONAL],1
[APAC],1
[alumnos],5
[DuraiVaiko],2
[stevenreiken],2
[givingtuesday],1
[варта1],1
[A2Fbundle],1
[solution],1
[momlife],1
[TheArk],1
[Wissenschaftler],1
[maçonniques],1
[SleepingPills],1
[Iranzu],1
[Blender3d],1
[JAIR_MATOU_700MIL_COVID],1
[trinitapoli],1
[JPU],1
[HamOnt],1
[CerdasCovid19],1
[BiggBoss16],1
[purebloods],1
[cardiovascular],5
[CountiesMatter],1
[china],4
[un],1
[RonDeathSantis],1
[pcms],1
[コロナ後遺症],1
[immunecompromised],1
[N95s],21
[yenidünya],1
[PersonnelsSuspendus],1
[chronicfatigue],1
[ladapo],1
[Help],1
[Internacional],3
[india],3
[NHSUK],1
[wearablebiomonitoring],1
[Vacunación],1
[yesmaam],1
[helpme],1
[TEVDA300],3
[nextflow],1
[flu],2
[Baerbock],1
[HeroesDeLaSalud],2
[OurCrowd],1
[Telegram],1
[garaads],1
[testimonial],1
[SOC],1
[ESPNnoStarPlus],1
[VIRGEN],1
[fearless],1
[YouHeal],1
[TrumpisaNationalDisgrace],1
[odaat],2
[Bipartisan],1
[insuranceagency],1
[tnpscgroup],1
[聖教新聞],1
[CovidPersistente],2
[FreeAlexSaab],1
[JeanLassalle],1
[psychology],1
[Globalist],1
[nshealth],1
[Hematology],1
[newhome],1
[polriuntukindonesia],1
[FUCKtheJAB],1
[emergencies],1
[NBC],1
[riskstratification],1
[cleanair],1
[LulaLadraoSeuLugarENaPrisao],1
[Waspada],1
[KimSeonHo],1
[Covid19Europe],1
[Investigación],1
[RailwayNewRojgarDo],297
[ArtificialIntelligence],3
[covid_all],1
[goodhealth],1
[Μητσοτακης_τελος],1
[investigateCOVIDorigins],1
[Impfstoffe],2
[LPNGSPastiWBK],1
[Lancet],2
[celebrations],1
[CXOs],1
[CidadeSP],1
[questioneverything],1
[Starvation],2
[covid_kr],1
[apprentice],1
[Vacunate],1
[MSM],5
[COVIDpersistente],1
[SunCity],1
[TodayInDoom],1
[SocialMediaMonday],1
[生化武器],1
[MedPub],4
[Cina],2
[tenable],1
[CuidateDelCovid19],1
[RishiSunak],2
[AnimeNews],1
[BahiaNoticias],1
[งานดี],2
[viralinfection],3
[中共病毒],21
[racialjustice],3
[Último],2
[Ica],1
[新型コロナワクチン],22
[mainstream],8
[Alaitz],1
[bot],2
[หางาน],2
[AMC],1
[RosanneBarrIsRight],1
[occident],1
[Carnaval2023],2
[abuelos],4
[recomendaciones],3
[protest],2
[CoronavirusUpdates],2
[EmisiónMatutina],1
[iom],1
[Care],1
[surveillance],1
[PCR],1
[Heineken],1
[playtime],1
[Euromomo],5
[Pandas],2
[travelgram],1
[penarol],1
[cerezas],1
[NoWar],2
[StickToScience],1
[medico],3
[finances],1
[BillGatesBioTerrorist],2
[Roma],2
[Destacadas],1
[SubregistroCovidVE],4
[SomosBioCubaFarma],3
[Impfschäden],3
[StevenReiken],1
[BangkokPost],1
[Chanel],1
[T14],1
[fracaso],1
[nonprofitsector],1
[Manitoba],1
[LávateLasManos],1
[depremoldu],1
[morteimprovvisa],1
[domainsforsale],1
[biblioSFLS],1
[PortalR7],1
[peaceofmind],1
[FoodCrisis],25
[CataclysmicEvent],1
[TG2000],5
[Lawyers],1
[rynekapteczny],3
[kidshealth],1
[tamilnadu],1
[KSW],1
[romance],1
[NewZealand],2
[SpiltMilk],1
[public],1
[ワクチン後遺症],22
[construction],1
[Globo],1
[FrankfurtSchool],2
[Cuba],27
[AlertaCOVIDPuebla],1
[GirlsMustGotoSchool],2
[obligatoire],1
[WHOMustPay],1
[FelizLunesATodos],1
[covidtest],1
[Yahooニュース],1
[MardiGras2023],1
[justice],4
[TemanPemilih],2
[databreaches],1
[help],1
[FauciLiedMillionsDied],4
[michellealbert],2
[SpringsteenTour2023],2
[college],1
[asburyrevival],1
[CovidBrain],2
[bandana],1
[Navidades],2
[MeloniBugiarda],1
[Rayagada_Police],1
[LopezBasuraPresidencial],1
[büyükreset],1
[China],32
[Maladie],1
[mensenrechten],1
[eurodéputés],3
[applerepair],1
[SanFermin],1
[coronavirusitalia],1
[bhfyp],1
[Nuremberg2Now],2
[Mondiale],1
[Follow],2
[burkinafaso],1
[UKNews],1
[DFFull],2
[bienestar],1
[CleanAir],1
[denunciation],1
[book],1
[Nacionales],5
[UCREPP],1
[exitstrategy],1
[SuddenDeaths2023],1
[共同通信ニュース],4
[Psychology],1
[Pandemic],2
[attendance],2
[artificialintelligence],1
[NeverTrustATory],1
[remotepatientmonitoring],1
[fatigue],5
[crude],1
[CubaPorLaVida],4
[Siccità],4
[ziekenhuisbezetting],1
[twlz],1
[Stevebarclay],2
[BiophysicalSociety],1
[opecplus],1
[grondin],2
[تم_الطرد_بنجاح],2
[royal],1
[空気感染],1
[brand],1
[gripa],1
[LevantandoEspaña],23
[CzechRepublic],1
[RPPs],1
[ichhabemitgemacht],1
[attualitàroma],1
[AMBITIOUSJAPAN],1
[Black],3
[entrepreneur],5
[ワクチン薬害],22
[NoticiasBreves_iSanidad],1
[México],1
[PaidSickDays],1
[拡散希望],1
[vendetta],2
[domingo],1
[antiracism],1
[healthequity],2
[share],1
[KingKhan],1
[Vaxplus],1
[نخرجو_بأمان],1
[Tamaulipas],7
[VaccinatieSchade],2
[Aviation],1
[LE],2
[Flu],2
[KTH],1
[BEARS],1
[T1d],2
[Yale],1
[NewPublicHealthOrder],2
[casework],1
[jefferies],1
[dakar],1
[redacao945],1
[TeamMicroFocus],1
[r4today],13
[BudiGunadiSadikin],2
[wplywpandemiinazdrowie],3
[Comentário],1
[刺突蛋白],1
[USDebt],1
[PACTeCuida],1
[LongCovidAwarnessMonth],1
[RecommendedPaper],1
[Leugens],1
[SMI],1
[Pulmonology],1
[robots],1
[Facts],3
[15minutecities],5
[pandemic],16
[สอบ],2
[prototypes],1
[Routiers],1
[foutagedegueule],2
[HeartOfTheEast],7
[thecellsdontlie],38
[communities],1
[novacunados],2
[Airfilters],8
[blogredgdps],2
[USPS],1
[OshoTaigu],1
[GenTherapy],1
[paziente1],1
[usnews],1
[WomenAgainstUCP],20
[preventivecare],1
[epidemiology],1
[Epidemiology],1
[facts],2
[Bierzo],1
[EMacron],22
[Ahora],3
[You],11
[Sosperu],1
[income],1
[AkiraMatsumoto],2
[cannabisbusiness],1
[ReopenSterlite],6
[HouseofCommons],4
[Pharmacists],1
[MillionsMissing],1
[heftig],1
[India],4
[cashflow],1
[HealthEquity],1
[internet],1
[donnemariedontilly],1
[palmadeaccident],3
[Banks],1
[zoology],2
[ReintegrezLesSuspendus],7
[Spitzer],1
[Perikarditis],1
[伝染病],1
[FordCorruptAF],1
[jrock],1
[GrowthMarketing],1
[physics],1
[organizedcrime],1
[Magallanes],1
[vacinação],1
[15Feb],1
[Internasional],1
[ElonCSM],1
[alcools],1
[pharmaciens],1
[vaccino],1
[Casi300],2
