[liquidmetals],1
[funds],1
[london],1
[Hypocrites],1
[analytics],1
[Retweet],1
[gfvip],1
[Leo],3
[หางานราชการ],2
[범규],2
[CancerScreening],1
[Proteins],1
[heart],2
[trendingnews],1
[HemeTwitter],1
[Deportes],2
[sandiego],3
[FJB],1
[ARDS],1
[COVIDisNOTover],1
[FakeNews],2
[UE],4
[CivilServicesExamination],2
[cat],1
[LulaGenocida],4
[Cancer],2
[Maltreatment],1
[NoNosConfiemos],3
[news24city],7
[isolation],1
[BePrepared],1
[InternetForTrust],1
[vidapersonal],1
[congress],1
[第一波],1
[TrabajarYMendigas],1
[Potential],5
[MUNDIAL],1
[CTAP],1
[UltimoSanremo2023],1
[healthinindia],1
[MoeldokoPenjagaNKRI],1
[bracelet],1
[Smh],1
[oriele],2
[massinfected],1
[EVKSElangovan],2
[Shopping],1
[BuenosDíasVPItv],1
[SMP],1
[WinnipegMB],1
[Ferragni],1
[RussiaUkraineWar],5
[lifeinsurance],1
[EknathShinde],15
[prokomkukar],1
[HEARTATTACK],1
[OvarianCancer],1
[farmacia],1
[digitalIDs],1
[Japalpilpa],6
[travelling],1
[Jabs],1
[AI],4
[Truth_or_Lie],1
[wadr],1
[Μητσοτακη_καθαρμα],1
[softwareupdate],1
[BoycottFoxNewsAdvertisers],1
[PortalPiauíHoje],1
[Nanotechnology],1
[covid_tr],1
[Biden],7
[FreeBrazil],1
[Math],1
[hive],4
[mRNA],70
[gerigate],1
[thismorning],1
[GIMBE],1
[Larnaca],1
[nurseleader],1
[adversereactions],1
[covid19pandemic],1
[Vacuna],1
[ToryIncompetence],1
[comfortablynumb],1
[meistgelikt],1
[BigBrother],2
[PasaporteCovid],14
[altın],1
[Encontro],1
[DIVI],3
[controle],2
[expresidente],1
[applereparos],1
[DePaís],2
[UtilizaGel],1
[brain],1
[T2D],1
[WheresRunts],1
[DamarHamlin],2
[EEUU],4
[Leftists],9
[LifeInsurance],1
[SupremeCourtofIndia],2
[AbolishTheMonachy],2
[employmentlaw],2
[ValueCHCs],1
[biologist],2
[RSET],2
[Opinión],2
[ConservativeNews],2
[vaccin],8
[insuranceplans],1
[FestivalDeCarnavales2023],123
[AURORA],1
[SafetyFirst],2
[bc007],2
[ClinicalTrials],1
[Evusheld2],3
[celebra],1
[CycloneGabrielle],1
[Freiheit],7
[harvard],2
[rainbow],1
[redstate],1
[CDCReport],1
[needtogethealthy],1
[feminism],1
[Congress],2
[NowPlaying],1
[healthinsurance],2
[PeePee],2
[notrecovered],1
[siyasetçi],1
[blankets],1
[BrunoMegarbane],1
[söder],1
[indianpolitics],1
[Country],1
[AniesPresiden2024],2
[Ekonomi],1
[nooitmeerlockdowns],1
[Lulagenocida],1
[vaksin],2
[dealing],1
[contagioscovid],1
[charities],1
[IncomeInequality],1
[albertbiderman],2
[cashapp],1
[biologie],1
[pesaro],1
[winnipegmb],1
[forwardechelonvc],1
[cnews],1
[BrexitBrokeBritain],1
[biomedicina],1
[WHO],9
[COVIDVaccine],1
[covid_us],1
[CPC],2
[impfling],3
[CROI2023],2
[freedom],1
[SaudiArabia],1
[VacúnateHoyConBivalente],2
[SãoPaulo],1
[multiorgan],1
[NWO],5
[Megarbane],3
[business],10
[zpravy],1
[AllCreaturesPBS],1
[GoogleAlerts],1
[médicale],1
[session],1
[achieving],3
[DonLemon],1
[conservativevoters],1
[nbpoli],2
[microscope],2
[PfizerDirector],1
[WSJ],1
[BeastSystem],1
[hindu],1
[PatriaHBO],1
[sise],1
[GR1],1
[healthyliving],1
[UPSCextraattempt],1
[Somaliland],1
[IoT],2
[Tv2000],6
[CdVictoria],3
[LulaNaCadeia],6
[RapportFRSTogo],1
[CoPromos],1
[AniesPresidenRakyat2024],2
[Pará],1
[MonkeyPox],1
[Democrats],1
[HealthCareCrisis],1
[APE],1
[Vulnerable],3
[Coverage],6
[LongCovidKids],5
[RNvite],1
[Ba5],1
[BrookJackson],1
[Gimbe],1
[medicalcountermeasures],1
[competitiveintelligence],1
[PrNoticias],1
[biden],1
[CPMI08dejaneiro],4
[RavensFlock],1
[USD],1
[Japan],2
[AreYouPrepared],1
[Tajikistan],2
[نبقاو_على_بال],1
[Zero],1
[Pisco],1
[SchwereSchuld],2
[YoSoyFANB],3
[Médicos],1
[wirbleibenzuhause],1
[Economy],2
[Providencia],1
[cancer],4
[Monkeypox],1
[Algorand],7
[MapInfographie],1
[sanidad],1
[columbiauniversity],3
[Heart],3
[AbyaYalaTv],1
[journalduluxe],1
[who],1
[CCPVaccines],15
[Osorno],1
[Uruguay],1
[PakistanBankrupt],3
[GIGANTES],1
[NFSC],1
[MobNasEsemkaRasaChina],2
[Elites],2
[NotRecovered],1
[livingwithCovid],1
[Jatibonico],1
[TruthGPT],1
[séquences],4
[SEALS],1
[otaku],1
[patrimonio],1
[HappyFamilyDay],1
[Buy],1
[LongCovidkids],1
[marketing],2
[alcohol],1
[tamilmemes],1
[SayaBISADisiplinProtokolCovid19],1
[réalistes],5
[Carnavales],1
[H5N1],1
[covidcesko],1
[fear],1
[EstelMigdia],1
[DeLuca],2
[borisjohnson],10
[iA],2
[Repentinitis],1
[BrainFog],1
[Beijing],1
[p1oneerindallas],1
[sanferdinando],1
[SomosCuba],3
[16Feb],5
[TyrannyIsTerrorism],1
[SkyToken],3
[TakeDowntheCCP],1
[AntiEducation],1
[Bitcoin],4
[Article],2
[Toews],1
[RaulCifuentes],1
[California],1
[patientcare],1
[OnTheAir],1
[Bosnia],1
[Radar24h],1
[MoHSS],1
[PartaiDemokrat],1
[Ponferrada],1
[Nagaland],1
[Orgullo],1
[kronosekairos],1
[PerugiAssisi],4
[ColumbiaUniversity],1
[V],2
[Mascarillas],14
[ai],1
[airpurifier],1
[définitif],22
[ivermectin],2
[covidisnotover],2
[stopwef],1
[healthcarenews],1
[Monday],1
[25añosSaberYGanar],2
[lockdowns],1
[tour],1
[trani],1
[vacuna],2
[PurwakartaLawanCovid19],1
[covid_ca],1
[между_тем],5
[insurancebrokers],1
[environnementale],1
[biotech],1
[massachusetts],2
[covid_jp],1
[CriticalCare],1
[HumanResources],1
[CovidVaccine],5
[Covidvaccine],1
[illuminati],1
[HealthReport],1
[saudiarabia],1
[PrimaryOneHealth],1
[BolsonaroNuncaMais],1
[mathematics],1
[merkel],1
[women],1
[Tragedy],1
[yoga],1
[Drehscheibe],2
[ap360],1
[carnevale2023],2
[AltsasuTV3],1
[WearAMask],9
[america],1
[ProudlyJW],1
[onlinestore],1
[socialism],1
[GetWellSoonOffroad],2
[Marburg],2
[Columbus],1
[Capitalismovshumanismo],1
[Morgenthau],2
[bethechange],1
[UitIsolatie],1
[dougford],1
[ChildMarriage],4
[Leber],1
[MambisesDeAcero],1
[gracias],1
[Maidstone],1
[EU],5
[EXCLUSIVE],1
[Taiwan],1
[SkyPath],3
[childmarriage],1
[RAEconsultas],3
[Schwab],3
[humasdinkespabar],2
[landingpage],1
[COVIDVACCINE],103
[Νικολάου],1
[Ivermectin],7
[DATO],14
[CNEWS],15
[BigTech],3
[SomosGarantíaDePaz],3
[bbcqt],1
[BDOEcuador],1
[RealityCheck],3
[economy],2
[Cabalgata],2
[وقايتنا],1
[wesleyvirgin],1
[adoption],1
[RéintégrezPersonnelsSuspendus],1
[UpdateCovid19HariIni],1
[ARNm],1
[TodosEnLaOcho],3
[Vaccin],2
[tnpsc],1
[SanitàinSicilia],1
[HeartAttack],1
[Massachusetts],2
[chemtrailspraying],1
[VocalBiomarkers],1
[Iceland],1
[izquierda],1
[CovidIsNotOver],27
